year,month,period,date,arrivals,months,yoy_pct,yoy_base_arrivals,yoy_basis,data_quality_note,source_title,source_published,source_page_url,source_file_url,source_local_file,source_sha256,parse_note
2013,1,YTD Jan,2013-01-01,2318447,1,,,YTD same 1 months,,สถิตินักท่องเที่ยวชาวต่างชาติที่เดินทางเข้าประเทศไทย ( International Tourist Arrivals to Thailand 2013),2017-12-04T00:00:00.000Z,https://www.mots.go.th/news/category/475,https://www.mots.go.th/download/article/article_20171204160356.xlsx,work\cache\source_files\2013_475_1889_สถ_ต_น_กท_องเท_ยวชาวต_างชาต_ท_เด_นทางเข_าประเทศไทย_Internati.xlsx,cd38fe52a8c7987adc35527bc825f32ad28eaafcad5e5f612f7529024caa0dc3,derived from monthly arrivals
2013,2,YTD Feb,2013-02-01,4685704,2,,,YTD same 2 months,,สถิตินักท่องเที่ยวชาวต่างชาติที่เดินทางเข้าประเทศไทย ( International Tourist Arrivals to Thailand 2013),2017-12-04T00:00:00.000Z,https://www.mots.go.th/news/category/475,https://www.mots.go.th/download/article/article_20171204160356.xlsx,work\cache\source_files\2013_475_1889_สถ_ต_น_กท_องเท_ยวชาวต_างชาต_ท_เด_นทางเข_าประเทศไทย_Internati.xlsx,cd38fe52a8c7987adc35527bc825f32ad28eaafcad5e5f612f7529024caa0dc3,derived from monthly arrivals
2013,3,YTD Mar,2013-03-01,7007904,3,,,YTD same 3 months,,สถิตินักท่องเที่ยวชาวต่างชาติที่เดินทางเข้าประเทศไทย ( International Tourist Arrivals to Thailand 2013),2017-12-04T00:00:00.000Z,https://www.mots.go.th/news/category/475,https://www.mots.go.th/download/article/article_20171204160356.xlsx,work\cache\source_files\2013_475_1889_สถ_ต_น_กท_องเท_ยวชาวต_างชาต_ท_เด_นทางเข_าประเทศไทย_Internati.xlsx,cd38fe52a8c7987adc35527bc825f32ad28eaafcad5e5f612f7529024caa0dc3,derived from monthly arrivals
2013,4,YTD Apr,2013-04-01,9065759,4,,,YTD same 4 months,,สถิตินักท่องเที่ยวชาวต่างชาติที่เดินทางเข้าประเทศไทย ( International Tourist Arrivals to Thailand 2013),2017-12-04T00:00:00.000Z,https://www.mots.go.th/news/category/475,https://www.mots.go.th/download/article/article_20171204160356.xlsx,work\cache\source_files\2013_475_1889_สถ_ต_น_กท_องเท_ยวชาวต_างชาต_ท_เด_นทางเข_าประเทศไทย_Internati.xlsx,cd38fe52a8c7987adc35527bc825f32ad28eaafcad5e5f612f7529024caa0dc3,derived from monthly arrivals
2013,5,YTD May,2013-05-01,11009727,5,,,YTD same 5 months,,สถิตินักท่องเที่ยวชาวต่างชาติที่เดินทางเข้าประเทศไทย ( International Tourist Arrivals to Thailand 2013),2017-12-04T00:00:00.000Z,https://www.mots.go.th/news/category/475,https://www.mots.go.th/download/article/article_20171204160356.xlsx,work\cache\source_files\2013_475_1889_สถ_ต_น_กท_องเท_ยวชาวต_างชาต_ท_เด_นทางเข_าประเทศไทย_Internati.xlsx,cd38fe52a8c7987adc35527bc825f32ad28eaafcad5e5f612f7529024caa0dc3,derived from monthly arrivals
2013,6,YTD Jun,2013-06-01,13071509,6,,,YTD same 6 months,,สถิตินักท่องเที่ยวชาวต่างชาติที่เดินทางเข้าประเทศไทย ( International Tourist Arrivals to Thailand 2013),2017-12-04T00:00:00.000Z,https://www.mots.go.th/news/category/475,https://www.mots.go.th/download/article/article_20171204160356.xlsx,work\cache\source_files\2013_475_1889_สถ_ต_น_กท_องเท_ยวชาวต_างชาต_ท_เด_นทางเข_าประเทศไทย_Internati.xlsx,cd38fe52a8c7987adc35527bc825f32ad28eaafcad5e5f612f7529024caa0dc3,derived from monthly arrivals
2013,7,YTD Jul,2013-07-01,15220682,7,,,YTD same 7 months,,สถิตินักท่องเที่ยวชาวต่างชาติที่เดินทางเข้าประเทศไทย ( International Tourist Arrivals to Thailand 2013),2017-12-04T00:00:00.000Z,https://www.mots.go.th/news/category/475,https://www.mots.go.th/download/article/article_20171204160356.xlsx,work\cache\source_files\2013_475_1889_สถ_ต_น_กท_องเท_ยวชาวต_างชาต_ท_เด_นทางเข_าประเทศไทย_Internati.xlsx,cd38fe52a8c7987adc35527bc825f32ad28eaafcad5e5f612f7529024caa0dc3,derived from monthly arrivals
2013,8,YTD Aug,2013-08-01,17576342,8,,,YTD same 8 months,,สถิตินักท่องเที่ยวชาวต่างชาติที่เดินทางเข้าประเทศไทย ( International Tourist Arrivals to Thailand 2013),2017-12-04T00:00:00.000Z,https://www.mots.go.th/news/category/475,https://www.mots.go.th/download/article/article_20171204160356.xlsx,work\cache\source_files\2013_475_1889_สถ_ต_น_กท_องเท_ยวชาวต_างชาต_ท_เด_นทางเข_าประเทศไทย_Internati.xlsx,cd38fe52a8c7987adc35527bc825f32ad28eaafcad5e5f612f7529024caa0dc3,derived from monthly arrivals
2013,9,YTD Sep,2013-09-01,19571685,9,,,YTD same 9 months,,สถิตินักท่องเที่ยวชาวต่างชาติที่เดินทางเข้าประเทศไทย ( International Tourist Arrivals to Thailand 2013),2017-12-04T00:00:00.000Z,https://www.mots.go.th/news/category/475,https://www.mots.go.th/download/article/article_20171204160356.xlsx,work\cache\source_files\2013_475_1889_สถ_ต_น_กท_องเท_ยวชาวต_างชาต_ท_เด_นทางเข_าประเทศไทย_Internati.xlsx,cd38fe52a8c7987adc35527bc825f32ad28eaafcad5e5f612f7529024caa0dc3,derived from monthly arrivals
2013,10,YTD Oct,2013-10-01,21626233,10,,,YTD same 10 months,,สถิตินักท่องเที่ยวชาวต่างชาติที่เดินทางเข้าประเทศไทย ( International Tourist Arrivals to Thailand 2013),2017-12-04T00:00:00.000Z,https://www.mots.go.th/news/category/475,https://www.mots.go.th/download/article/article_20171204160356.xlsx,work\cache\source_files\2013_475_1889_สถ_ต_น_กท_องเท_ยวชาวต_างชาต_ท_เด_นทางเข_าประเทศไทย_Internati.xlsx,cd38fe52a8c7987adc35527bc825f32ad28eaafcad5e5f612f7529024caa0dc3,derived from monthly arrivals
2013,11,YTD Nov,2013-11-01,24004345,11,,,YTD same 11 months,,สถิตินักท่องเที่ยวชาวต่างชาติที่เดินทางเข้าประเทศไทย ( International Tourist Arrivals to Thailand 2013),2017-12-04T00:00:00.000Z,https://www.mots.go.th/news/category/475,https://www.mots.go.th/download/article/article_20171204160356.xlsx,work\cache\source_files\2013_475_1889_สถ_ต_น_กท_องเท_ยวชาวต_างชาต_ท_เด_นทางเข_าประเทศไทย_Internati.xlsx,cd38fe52a8c7987adc35527bc825f32ad28eaafcad5e5f612f7529024caa0dc3,derived from monthly arrivals
2013,12,YTD Dec,2013-12-01,26546725,12,,,YTD same 12 months,,สถิตินักท่องเที่ยวชาวต่างชาติที่เดินทางเข้าประเทศไทย ( International Tourist Arrivals to Thailand 2013),2017-12-04T00:00:00.000Z,https://www.mots.go.th/news/category/475,https://www.mots.go.th/download/article/article_20171204160356.xlsx,work\cache\source_files\2013_475_1889_สถ_ต_น_กท_องเท_ยวชาวต_างชาต_ท_เด_นทางเข_าประเทศไทย_Internati.xlsx,cd38fe52a8c7987adc35527bc825f32ad28eaafcad5e5f612f7529024caa0dc3,derived from monthly arrivals
2014,1,YTD Jan,2014-01-01,2282568,1,-1.5475445416694877,2318447,YTD same 1 months,,สถิตินักท่องเที่ยวชาวต่างชาติที่เดินทางเข้าประเทศไทย (International Tourist Arrivals to Thailand),2017-12-06T00:00:00.000Z,https://www.mots.go.th/news/category/476,https://www.mots.go.th/download/article/article_20171206120212.xlsx,work\cache\source_files\2014_476_1891_สถ_ต_น_กท_องเท_ยวชาวต_างชาต_ท_เด_นทางเข_าประเทศไทย_Internati.xlsx,7106404323ffda5fa620bb3b177607d871f94251f22d30d8c72223d21e19fc66,derived from monthly arrivals
2014,2,YTD Feb,2014-02-01,4357872,2,-6.9964299921633994,4685704,YTD same 2 months,,สถิตินักท่องเที่ยวชาวต่างชาติที่เดินทางเข้าประเทศไทย (International Tourist Arrivals to Thailand),2017-12-06T00:00:00.000Z,https://www.mots.go.th/news/category/476,https://www.mots.go.th/download/article/article_20171206120212.xlsx,work\cache\source_files\2014_476_1891_สถ_ต_น_กท_องเท_ยวชาวต_างชาต_ท_เด_นทางเข_าประเทศไทย_Internati.xlsx,7106404323ffda5fa620bb3b177607d871f94251f22d30d8c72223d21e19fc66,derived from monthly arrivals
2014,3,YTD Mar,2014-03-01,6375880,3,-9.01873085019429,7007904,YTD same 3 months,,สถิตินักท่องเที่ยวชาวต่างชาติที่เดินทางเข้าประเทศไทย (International Tourist Arrivals to Thailand),2017-12-06T00:00:00.000Z,https://www.mots.go.th/news/category/476,https://www.mots.go.th/download/article/article_20171206120212.xlsx,work\cache\source_files\2014_476_1891_สถ_ต_น_กท_องเท_ยวชาวต_างชาต_ท_เด_นทางเข_าประเทศไทย_Internati.xlsx,7106404323ffda5fa620bb3b177607d871f94251f22d30d8c72223d21e19fc66,derived from monthly arrivals
2014,4,YTD Apr,2014-04-01,8310721,4,-8.328458764456458,9065759,YTD same 4 months,,สถิตินักท่องเที่ยวชาวต่างชาติที่เดินทางเข้าประเทศไทย (International Tourist Arrivals to Thailand),2017-12-06T00:00:00.000Z,https://www.mots.go.th/news/category/476,https://www.mots.go.th/download/article/article_20171206120212.xlsx,work\cache\source_files\2014_476_1891_สถ_ต_น_กท_องเท_ยวชาวต_างชาต_ท_เด_นทางเข_าประเทศไทย_Internati.xlsx,7106404323ffda5fa620bb3b177607d871f94251f22d30d8c72223d21e19fc66,derived from monthly arrivals
2014,5,YTD May,2014-05-01,9981581,5,-9.338524016081418,11009727,YTD same 5 months,,สถิตินักท่องเที่ยวชาวต่างชาติที่เดินทางเข้าประเทศไทย (International Tourist Arrivals to Thailand),2017-12-06T00:00:00.000Z,https://www.mots.go.th/news/category/476,https://www.mots.go.th/download/article/article_20171206120212.xlsx,work\cache\source_files\2014_476_1891_สถ_ต_น_กท_องเท_ยวชาวต_างชาต_ท_เด_นทางเข_าประเทศไทย_Internati.xlsx,7106404323ffda5fa620bb3b177607d871f94251f22d30d8c72223d21e19fc66,derived from monthly arrivals
2014,6,YTD Jun,2014-06-01,11472881,6,-12.22986573317587,13071509,YTD same 6 months,,สถิตินักท่องเที่ยวชาวต่างชาติที่เดินทางเข้าประเทศไทย (International Tourist Arrivals to Thailand),2017-12-06T00:00:00.000Z,https://www.mots.go.th/news/category/476,https://www.mots.go.th/download/article/article_20171206120212.xlsx,work\cache\source_files\2014_476_1891_สถ_ต_น_กท_องเท_ยวชาวต_างชาต_ท_เด_นทางเข_าประเทศไทย_Internati.xlsx,7106404323ffda5fa620bb3b177607d871f94251f22d30d8c72223d21e19fc66,derived from monthly arrivals
2014,7,YTD Jul,2014-07-01,13368979,7,-12.165703218817658,15220682,YTD same 7 months,,สถิตินักท่องเที่ยวชาวต่างชาติที่เดินทางเข้าประเทศไทย (International Tourist Arrivals to Thailand),2017-12-06T00:00:00.000Z,https://www.mots.go.th/news/category/476,https://www.mots.go.th/download/article/article_20171206120212.xlsx,work\cache\source_files\2014_476_1891_สถ_ต_น_กท_องเท_ยวชาวต_างชาต_ท_เด_นทางเข_าประเทศไทย_Internati.xlsx,7106404323ffda5fa620bb3b177607d871f94251f22d30d8c72223d21e19fc66,derived from monthly arrivals
2014,8,YTD Aug,2014-08-01,15453818,8,-12.076028106417136,17576342,YTD same 8 months,,สถิตินักท่องเที่ยวชาวต่างชาติที่เดินทางเข้าประเทศไทย (International Tourist Arrivals to Thailand),2017-12-06T00:00:00.000Z,https://www.mots.go.th/news/category/476,https://www.mots.go.th/download/article/article_20171206120212.xlsx,work\cache\source_files\2014_476_1891_สถ_ต_น_กท_องเท_ยวชาวต_างชาต_ท_เด_นทางเข_าประเทศไทย_Internati.xlsx,7106404323ffda5fa620bb3b177607d871f94251f22d30d8c72223d21e19fc66,derived from monthly arrivals
2014,9,YTD Sep,2014-09-01,17323309,9,-11.48790203807184,19571685,YTD same 9 months,,สถิตินักท่องเที่ยวชาวต่างชาติที่เดินทางเข้าประเทศไทย (International Tourist Arrivals to Thailand),2017-12-06T00:00:00.000Z,https://www.mots.go.th/news/category/476,https://www.mots.go.th/download/article/article_20171206120212.xlsx,work\cache\source_files\2014_476_1891_สถ_ต_น_กท_องเท_ยวชาวต_างชาต_ท_เด_นทางเข_าประเทศไทย_Internati.xlsx,7106404323ffda5fa620bb3b177607d871f94251f22d30d8c72223d21e19fc66,derived from monthly arrivals
2014,10,YTD Oct,2014-10-01,19531084,10,-9.68799790513678,21626233,YTD same 10 months,,สถิตินักท่องเที่ยวชาวต่างชาติที่เดินทางเข้าประเทศไทย (International Tourist Arrivals to Thailand),2017-12-06T00:00:00.000Z,https://www.mots.go.th/news/category/476,https://www.mots.go.th/download/article/article_20171206120212.xlsx,work\cache\source_files\2014_476_1891_สถ_ต_น_กท_องเท_ยวชาวต_างชาต_ท_เด_นทางเข_าประเทศไทย_Internati.xlsx,7106404323ffda5fa620bb3b177607d871f94251f22d30d8c72223d21e19fc66,derived from monthly arrivals
2014,11,YTD Nov,2014-11-01,21956207,11,-8.532363620002958,24004345,YTD same 11 months,,สถิตินักท่องเที่ยวชาวต่างชาติที่เดินทางเข้าประเทศไทย (International Tourist Arrivals to Thailand),2017-12-06T00:00:00.000Z,https://www.mots.go.th/news/category/476,https://www.mots.go.th/download/article/article_20171206120212.xlsx,work\cache\source_files\2014_476_1891_สถ_ต_น_กท_องเท_ยวชาวต_างชาต_ท_เด_นทางเข_าประเทศไทย_Internati.xlsx,7106404323ffda5fa620bb3b177607d871f94251f22d30d8c72223d21e19fc66,derived from monthly arrivals
2014,12,YTD Dec,2014-12-01,24809683,12,-6.543338208385407,26546725,YTD same 12 months,,สถิตินักท่องเที่ยวชาวต่างชาติที่เดินทางเข้าประเทศไทย (International Tourist Arrivals to Thailand),2017-12-06T00:00:00.000Z,https://www.mots.go.th/news/category/476,https://www.mots.go.th/download/article/article_20171206120212.xlsx,work\cache\source_files\2014_476_1891_สถ_ต_น_กท_องเท_ยวชาวต_างชาต_ท_เด_นทางเข_าประเทศไทย_Internati.xlsx,7106404323ffda5fa620bb3b177607d871f94251f22d30d8c72223d21e19fc66,derived from monthly arrivals
2015,1,YTD Jan,2015-01-01,2613699,1,14.5069500667669,2282568,YTD same 1 months,,data.go.th / MOTS: trend_inbound_tourists monthly country-level CSV,2024-04-02T00:00:00+00:00,https://data.go.th/dataset/trend_inbound_tourists,https://ckan.mots.go.th/dataset/445c66d8-a06a-49d9-adfc-35faca6fc785/resource/faffc63c-9507-451a-80b7-554cc0787368/download/est_2024_04_01.csv,work\cache\source_files\data_go_trend_inbound_tourists_2015_2023.csv,5ee8b2449523b81105d53c018bdcd4be1b98e9990ed16f481a244cf36694b862,derived from monthly arrivals
2015,2,YTD Feb,2015-02-01,5277915,2,21.112207976737274,4357872,YTD same 2 months,,data.go.th / MOTS: trend_inbound_tourists monthly country-level CSV,2024-04-02T00:00:00+00:00,https://data.go.th/dataset/trend_inbound_tourists,https://ckan.mots.go.th/dataset/445c66d8-a06a-49d9-adfc-35faca6fc785/resource/faffc63c-9507-451a-80b7-554cc0787368/download/est_2024_04_01.csv,work\cache\source_files\data_go_trend_inbound_tourists_2015_2023.csv,5ee8b2449523b81105d53c018bdcd4be1b98e9990ed16f481a244cf36694b862,derived from monthly arrivals
2015,3,YTD Mar,2015-03-01,7833277,3,22.8579741149457,6375880,YTD same 3 months,,data.go.th / MOTS: trend_inbound_tourists monthly country-level CSV,2024-04-02T00:00:00+00:00,https://data.go.th/dataset/trend_inbound_tourists,https://ckan.mots.go.th/dataset/445c66d8-a06a-49d9-adfc-35faca6fc785/resource/faffc63c-9507-451a-80b7-554cc0787368/download/est_2024_04_01.csv,work\cache\source_files\data_go_trend_inbound_tourists_2015_2023.csv,5ee8b2449523b81105d53c018bdcd4be1b98e9990ed16f481a244cf36694b862,derived from monthly arrivals
2015,4,YTD Apr,2015-04-01,10240004,4,23.214387776944978,8310721,YTD same 4 months,,data.go.th / MOTS: trend_inbound_tourists monthly country-level CSV,2024-04-02T00:00:00+00:00,https://data.go.th/dataset/trend_inbound_tourists,https://ckan.mots.go.th/dataset/445c66d8-a06a-49d9-adfc-35faca6fc785/resource/faffc63c-9507-451a-80b7-554cc0787368/download/est_2024_04_01.csv,work\cache\source_files\data_go_trend_inbound_tourists_2015_2023.csv,5ee8b2449523b81105d53c018bdcd4be1b98e9990ed16f481a244cf36694b862,derived from monthly arrivals
2015,5,YTD May,2015-05-01,12541629,5,25.6477205364561,9981581,YTD same 5 months,,data.go.th / MOTS: trend_inbound_tourists monthly country-level CSV,2024-04-02T00:00:00+00:00,https://data.go.th/dataset/trend_inbound_tourists,https://ckan.mots.go.th/dataset/445c66d8-a06a-49d9-adfc-35faca6fc785/resource/faffc63c-9507-451a-80b7-554cc0787368/download/est_2024_04_01.csv,work\cache\source_files\data_go_trend_inbound_tourists_2015_2023.csv,5ee8b2449523b81105d53c018bdcd4be1b98e9990ed16f481a244cf36694b862,derived from monthly arrivals
2015,6,YTD Jun,2015-06-01,14811152,6,29.09705940469529,11472881,YTD same 6 months,,data.go.th / MOTS: trend_inbound_tourists monthly country-level CSV,2024-04-02T00:00:00+00:00,https://data.go.th/dataset/trend_inbound_tourists,https://ckan.mots.go.th/dataset/445c66d8-a06a-49d9-adfc-35faca6fc785/resource/faffc63c-9507-451a-80b7-554cc0787368/download/est_2024_04_01.csv,work\cache\source_files\data_go_trend_inbound_tourists_2015_2023.csv,5ee8b2449523b81105d53c018bdcd4be1b98e9990ed16f481a244cf36694b862,derived from monthly arrivals
2015,7,YTD Jul,2015-07-01,17452666,7,30.545990086453134,13368979,YTD same 7 months,,data.go.th / MOTS: trend_inbound_tourists monthly country-level CSV,2024-04-02T00:00:00+00:00,https://data.go.th/dataset/trend_inbound_tourists,https://ckan.mots.go.th/dataset/445c66d8-a06a-49d9-adfc-35faca6fc785/resource/faffc63c-9507-451a-80b7-554cc0787368/download/est_2024_04_01.csv,work\cache\source_files\data_go_trend_inbound_tourists_2015_2023.csv,5ee8b2449523b81105d53c018bdcd4be1b98e9990ed16f481a244cf36694b862,derived from monthly arrivals
2015,8,YTD Aug,2015-08-01,20042318,8,29.691691723042158,15453818,YTD same 8 months,,data.go.th / MOTS: trend_inbound_tourists monthly country-level CSV,2024-04-02T00:00:00+00:00,https://data.go.th/dataset/trend_inbound_tourists,https://ckan.mots.go.th/dataset/445c66d8-a06a-49d9-adfc-35faca6fc785/resource/faffc63c-9507-451a-80b7-554cc0787368/download/est_2024_04_01.csv,work\cache\source_files\data_go_trend_inbound_tourists_2015_2023.csv,5ee8b2449523b81105d53c018bdcd4be1b98e9990ed16f481a244cf36694b862,derived from monthly arrivals
2015,9,YTD Sep,2015-09-01,22086976,9,27.498597409998293,17323309,YTD same 9 months,,data.go.th / MOTS: trend_inbound_tourists monthly country-level CSV,2024-04-02T00:00:00+00:00,https://data.go.th/dataset/trend_inbound_tourists,https://ckan.mots.go.th/dataset/445c66d8-a06a-49d9-adfc-35faca6fc785/resource/faffc63c-9507-451a-80b7-554cc0787368/download/est_2024_04_01.csv,work\cache\source_files\data_go_trend_inbound_tourists_2015_2023.csv,5ee8b2449523b81105d53c018bdcd4be1b98e9990ed16f481a244cf36694b862,derived from monthly arrivals
2015,10,YTD Oct,2015-10-01,24332817,10,24.585081913528196,19531084,YTD same 10 months,,data.go.th / MOTS: trend_inbound_tourists monthly country-level CSV,2024-04-02T00:00:00+00:00,https://data.go.th/dataset/trend_inbound_tourists,https://ckan.mots.go.th/dataset/445c66d8-a06a-49d9-adfc-35faca6fc785/resource/faffc63c-9507-451a-80b7-554cc0787368/download/est_2024_04_01.csv,work\cache\source_files\data_go_trend_inbound_tourists_2015_2023.csv,5ee8b2449523b81105d53c018bdcd4be1b98e9990ed16f481a244cf36694b862,derived from monthly arrivals
2015,11,YTD Nov,2015-11-01,26898894,11,22.511570418333182,21956207,YTD same 11 months,,data.go.th / MOTS: trend_inbound_tourists monthly country-level CSV,2024-04-02T00:00:00+00:00,https://data.go.th/dataset/trend_inbound_tourists,https://ckan.mots.go.th/dataset/445c66d8-a06a-49d9-adfc-35faca6fc785/resource/faffc63c-9507-451a-80b7-554cc0787368/download/est_2024_04_01.csv,work\cache\source_files\data_go_trend_inbound_tourists_2015_2023.csv,5ee8b2449523b81105d53c018bdcd4be1b98e9990ed16f481a244cf36694b862,derived from monthly arrivals
2015,12,YTD Dec,2015-12-01,29923185,12,20.610912279693384,24809683,YTD same 12 months,,data.go.th / MOTS: trend_inbound_tourists monthly country-level CSV,2024-04-02T00:00:00+00:00,https://data.go.th/dataset/trend_inbound_tourists,https://ckan.mots.go.th/dataset/445c66d8-a06a-49d9-adfc-35faca6fc785/resource/faffc63c-9507-451a-80b7-554cc0787368/download/est_2024_04_01.csv,work\cache\source_files\data_go_trend_inbound_tourists_2015_2023.csv,5ee8b2449523b81105d53c018bdcd4be1b98e9990ed16f481a244cf36694b862,derived from monthly arrivals
2016,1,YTD Jan,2016-01-01,2996442,1,14.643729059849653,2613699,YTD same 1 months,,data.go.th / MOTS: trend_inbound_tourists monthly country-level CSV,2024-04-02T00:00:00+00:00,https://data.go.th/dataset/trend_inbound_tourists,https://ckan.mots.go.th/dataset/445c66d8-a06a-49d9-adfc-35faca6fc785/resource/faffc63c-9507-451a-80b7-554cc0787368/download/est_2024_04_01.csv,work\cache\source_files\data_go_trend_inbound_tourists_2015_2023.csv,5ee8b2449523b81105d53c018bdcd4be1b98e9990ed16f481a244cf36694b862,derived from monthly arrivals
2016,2,YTD Feb,2016-02-01,6076977,2,15.139728472322878,5277915,YTD same 2 months,,data.go.th / MOTS: trend_inbound_tourists monthly country-level CSV,2024-04-02T00:00:00+00:00,https://data.go.th/dataset/trend_inbound_tourists,https://ckan.mots.go.th/dataset/445c66d8-a06a-49d9-adfc-35faca6fc785/resource/faffc63c-9507-451a-80b7-554cc0787368/download/est_2024_04_01.csv,work\cache\source_files\data_go_trend_inbound_tourists_2015_2023.csv,5ee8b2449523b81105d53c018bdcd4be1b98e9990ed16f481a244cf36694b862,derived from monthly arrivals
2016,3,YTD Mar,2016-03-01,9004203,3,14.948098988456548,7833277,YTD same 3 months,,data.go.th / MOTS: trend_inbound_tourists monthly country-level CSV,2024-04-02T00:00:00+00:00,https://data.go.th/dataset/trend_inbound_tourists,https://ckan.mots.go.th/dataset/445c66d8-a06a-49d9-adfc-35faca6fc785/resource/faffc63c-9507-451a-80b7-554cc0787368/download/est_2024_04_01.csv,work\cache\source_files\data_go_trend_inbound_tourists_2015_2023.csv,5ee8b2449523b81105d53c018bdcd4be1b98e9990ed16f481a244cf36694b862,derived from monthly arrivals
2016,4,YTD Apr,2016-04-01,11632012,4,13.59382281491297,10240004,YTD same 4 months,,data.go.th / MOTS: trend_inbound_tourists monthly country-level CSV,2024-04-02T00:00:00+00:00,https://data.go.th/dataset/trend_inbound_tourists,https://ckan.mots.go.th/dataset/445c66d8-a06a-49d9-adfc-35faca6fc785/resource/faffc63c-9507-451a-80b7-554cc0787368/download/est_2024_04_01.csv,work\cache\source_files\data_go_trend_inbound_tourists_2015_2023.csv,5ee8b2449523b81105d53c018bdcd4be1b98e9990ed16f481a244cf36694b862,derived from monthly arrivals
2016,5,YTD May,2016-05-01,14091105,5,12.35466301865571,12541629,YTD same 5 months,,data.go.th / MOTS: trend_inbound_tourists monthly country-level CSV,2024-04-02T00:00:00+00:00,https://data.go.th/dataset/trend_inbound_tourists,https://ckan.mots.go.th/dataset/445c66d8-a06a-49d9-adfc-35faca6fc785/resource/faffc63c-9507-451a-80b7-554cc0787368/download/est_2024_04_01.csv,work\cache\source_files\data_go_trend_inbound_tourists_2015_2023.csv,5ee8b2449523b81105d53c018bdcd4be1b98e9990ed16f481a244cf36694b862,derived from monthly arrivals
2016,6,YTD Jun,2016-06-01,16514103,6,11.497761956666164,14811152,YTD same 6 months,,data.go.th / MOTS: trend_inbound_tourists monthly country-level CSV,2024-04-02T00:00:00+00:00,https://data.go.th/dataset/trend_inbound_tourists,https://ckan.mots.go.th/dataset/445c66d8-a06a-49d9-adfc-35faca6fc785/resource/faffc63c-9507-451a-80b7-554cc0787368/download/est_2024_04_01.csv,work\cache\source_files\data_go_trend_inbound_tourists_2015_2023.csv,5ee8b2449523b81105d53c018bdcd4be1b98e9990ed16f481a244cf36694b862,derived from monthly arrivals
2016,7,YTD Jul,2016-07-01,19463205,7,11.519953455821597,17452666,YTD same 7 months,,data.go.th / MOTS: trend_inbound_tourists monthly country-level CSV,2024-04-02T00:00:00+00:00,https://data.go.th/dataset/trend_inbound_tourists,https://ckan.mots.go.th/dataset/445c66d8-a06a-49d9-adfc-35faca6fc785/resource/faffc63c-9507-451a-80b7-554cc0787368/download/est_2024_04_01.csv,work\cache\source_files\data_go_trend_inbound_tourists_2015_2023.csv,5ee8b2449523b81105d53c018bdcd4be1b98e9990ed16f481a244cf36694b862,derived from monthly arrivals
2016,8,YTD Aug,2016-08-01,22346799,8,11.49807622052499,20042318,YTD same 8 months,,data.go.th / MOTS: trend_inbound_tourists monthly country-level CSV,2024-04-02T00:00:00+00:00,https://data.go.th/dataset/trend_inbound_tourists,https://ckan.mots.go.th/dataset/445c66d8-a06a-49d9-adfc-35faca6fc785/resource/faffc63c-9507-451a-80b7-554cc0787368/download/est_2024_04_01.csv,work\cache\source_files\data_go_trend_inbound_tourists_2015_2023.csv,5ee8b2449523b81105d53c018bdcd4be1b98e9990ed16f481a244cf36694b862,derived from monthly arrivals
2016,9,YTD Sep,2016-09-01,24763620,9,12.118653092211451,22086976,YTD same 9 months,,data.go.th / MOTS: trend_inbound_tourists monthly country-level CSV,2024-04-02T00:00:00+00:00,https://data.go.th/dataset/trend_inbound_tourists,https://ckan.mots.go.th/dataset/445c66d8-a06a-49d9-adfc-35faca6fc785/resource/faffc63c-9507-451a-80b7-554cc0787368/download/est_2024_04_01.csv,work\cache\source_files\data_go_trend_inbound_tourists_2015_2023.csv,5ee8b2449523b81105d53c018bdcd4be1b98e9990ed16f481a244cf36694b862,derived from monthly arrivals
2016,10,YTD Oct,2016-10-01,27016395,10,11.028636758333409,24332817,YTD same 10 months,,data.go.th / MOTS: trend_inbound_tourists monthly country-level CSV,2024-04-02T00:00:00+00:00,https://data.go.th/dataset/trend_inbound_tourists,https://ckan.mots.go.th/dataset/445c66d8-a06a-49d9-adfc-35faca6fc785/resource/faffc63c-9507-451a-80b7-554cc0787368/download/est_2024_04_01.csv,work\cache\source_files\data_go_trend_inbound_tourists_2015_2023.csv,5ee8b2449523b81105d53c018bdcd4be1b98e9990ed16f481a244cf36694b862,derived from monthly arrivals
2016,11,YTD Nov,2016-11-01,29468852,11,9.554140032671965,26898894,YTD same 11 months,,data.go.th / MOTS: trend_inbound_tourists monthly country-level CSV,2024-04-02T00:00:00+00:00,https://data.go.th/dataset/trend_inbound_tourists,https://ckan.mots.go.th/dataset/445c66d8-a06a-49d9-adfc-35faca6fc785/resource/faffc63c-9507-451a-80b7-554cc0787368/download/est_2024_04_01.csv,work\cache\source_files\data_go_trend_inbound_tourists_2015_2023.csv,5ee8b2449523b81105d53c018bdcd4be1b98e9990ed16f481a244cf36694b862,derived from monthly arrivals
2016,12,YTD Dec,2016-12-01,32529588,12,8.710312755811245,29923185,YTD same 12 months,,data.go.th / MOTS: trend_inbound_tourists monthly country-level CSV,2024-04-02T00:00:00+00:00,https://data.go.th/dataset/trend_inbound_tourists,https://ckan.mots.go.th/dataset/445c66d8-a06a-49d9-adfc-35faca6fc785/resource/faffc63c-9507-451a-80b7-554cc0787368/download/est_2024_04_01.csv,work\cache\source_files\data_go_trend_inbound_tourists_2015_2023.csv,5ee8b2449523b81105d53c018bdcd4be1b98e9990ed16f481a244cf36694b862,derived from monthly arrivals
2017,1,YTD Jan,2017-01-01,3197053,1,6.694973571989715,2996442,YTD same 1 months,,data.go.th / MOTS: trend_inbound_tourists monthly country-level CSV,2024-04-02T00:00:00+00:00,https://data.go.th/dataset/trend_inbound_tourists,https://ckan.mots.go.th/dataset/445c66d8-a06a-49d9-adfc-35faca6fc785/resource/faffc63c-9507-451a-80b7-554cc0787368/download/est_2024_04_01.csv,work\cache\source_files\data_go_trend_inbound_tourists_2015_2023.csv,5ee8b2449523b81105d53c018bdcd4be1b98e9990ed16f481a244cf36694b862,derived from monthly arrivals
2017,2,YTD Feb,2017-02-01,6163575,2,1.425017734969214,6076977,YTD same 2 months,,data.go.th / MOTS: trend_inbound_tourists monthly country-level CSV,2024-04-02T00:00:00+00:00,https://data.go.th/dataset/trend_inbound_tourists,https://ckan.mots.go.th/dataset/445c66d8-a06a-49d9-adfc-35faca6fc785/resource/faffc63c-9507-451a-80b7-554cc0787368/download/est_2024_04_01.csv,work\cache\source_files\data_go_trend_inbound_tourists_2015_2023.csv,5ee8b2449523b81105d53c018bdcd4be1b98e9990ed16f481a244cf36694b862,derived from monthly arrivals
2017,3,YTD Mar,2017-03-01,9181986,3,1.9744446010379724,9004203,YTD same 3 months,,data.go.th / MOTS: trend_inbound_tourists monthly country-level CSV,2024-04-02T00:00:00+00:00,https://data.go.th/dataset/trend_inbound_tourists,https://ckan.mots.go.th/dataset/445c66d8-a06a-49d9-adfc-35faca6fc785/resource/faffc63c-9507-451a-80b7-554cc0787368/download/est_2024_04_01.csv,work\cache\source_files\data_go_trend_inbound_tourists_2015_2023.csv,5ee8b2449523b81105d53c018bdcd4be1b98e9990ed16f481a244cf36694b862,derived from monthly arrivals
2017,4,YTD Apr,2017-04-01,12035274,4,3.466829298319163,11632012,YTD same 4 months,,data.go.th / MOTS: trend_inbound_tourists monthly country-level CSV,2024-04-02T00:00:00+00:00,https://data.go.th/dataset/trend_inbound_tourists,https://ckan.mots.go.th/dataset/445c66d8-a06a-49d9-adfc-35faca6fc785/resource/faffc63c-9507-451a-80b7-554cc0787368/download/est_2024_04_01.csv,work\cache\source_files\data_go_trend_inbound_tourists_2015_2023.csv,5ee8b2449523b81105d53c018bdcd4be1b98e9990ed16f481a244cf36694b862,derived from monthly arrivals
2017,5,YTD May,2017-05-01,14635898,5,3.866219150307937,14091105,YTD same 5 months,,data.go.th / MOTS: trend_inbound_tourists monthly country-level CSV,2024-04-02T00:00:00+00:00,https://data.go.th/dataset/trend_inbound_tourists,https://ckan.mots.go.th/dataset/445c66d8-a06a-49d9-adfc-35faca6fc785/resource/faffc63c-9507-451a-80b7-554cc0787368/download/est_2024_04_01.csv,work\cache\source_files\data_go_trend_inbound_tourists_2015_2023.csv,5ee8b2449523b81105d53c018bdcd4be1b98e9990ed16f481a244cf36694b862,derived from monthly arrivals
2017,6,YTD Jun,2017-06-01,17366970,6,5.1644766900145855,16514103,YTD same 6 months,,data.go.th / MOTS: trend_inbound_tourists monthly country-level CSV,2024-04-02T00:00:00+00:00,https://data.go.th/dataset/trend_inbound_tourists,https://ckan.mots.go.th/dataset/445c66d8-a06a-49d9-adfc-35faca6fc785/resource/faffc63c-9507-451a-80b7-554cc0787368/download/est_2024_04_01.csv,work\cache\source_files\data_go_trend_inbound_tourists_2015_2023.csv,5ee8b2449523b81105d53c018bdcd4be1b98e9990ed16f481a244cf36694b862,derived from monthly arrivals
2017,7,YTD Jul,2017-07-01,20466379,7,5.154207644629949,19463205,YTD same 7 months,,data.go.th / MOTS: trend_inbound_tourists monthly country-level CSV,2024-04-02T00:00:00+00:00,https://data.go.th/dataset/trend_inbound_tourists,https://ckan.mots.go.th/dataset/445c66d8-a06a-49d9-adfc-35faca6fc785/resource/faffc63c-9507-451a-80b7-554cc0787368/download/est_2024_04_01.csv,work\cache\source_files\data_go_trend_inbound_tourists_2015_2023.csv,5ee8b2449523b81105d53c018bdcd4be1b98e9990ed16f481a244cf36694b862,derived from monthly arrivals
2017,8,YTD Aug,2017-08-01,23654527,8,5.851970118852368,22346799,YTD same 8 months,,data.go.th / MOTS: trend_inbound_tourists monthly country-level CSV,2024-04-02T00:00:00+00:00,https://data.go.th/dataset/trend_inbound_tourists,https://ckan.mots.go.th/dataset/445c66d8-a06a-49d9-adfc-35faca6fc785/resource/faffc63c-9507-451a-80b7-554cc0787368/download/est_2024_04_01.csv,work\cache\source_files\data_go_trend_inbound_tourists_2015_2023.csv,5ee8b2449523b81105d53c018bdcd4be1b98e9990ed16f481a244cf36694b862,derived from monthly arrivals
2017,9,YTD Sep,2017-09-01,26254806,9,6.0216801905375705,24763620,YTD same 9 months,,data.go.th / MOTS: trend_inbound_tourists monthly country-level CSV,2024-04-02T00:00:00+00:00,https://data.go.th/dataset/trend_inbound_tourists,https://ckan.mots.go.th/dataset/445c66d8-a06a-49d9-adfc-35faca6fc785/resource/faffc63c-9507-451a-80b7-554cc0787368/download/est_2024_04_01.csv,work\cache\source_files\data_go_trend_inbound_tourists_2015_2023.csv,5ee8b2449523b81105d53c018bdcd4be1b98e9990ed16f481a244cf36694b862,derived from monthly arrivals
2017,10,YTD Oct,2017-10-01,28980749,10,7.270970090569073,27016395,YTD same 10 months,,data.go.th / MOTS: trend_inbound_tourists monthly country-level CSV,2024-04-02T00:00:00+00:00,https://data.go.th/dataset/trend_inbound_tourists,https://ckan.mots.go.th/dataset/445c66d8-a06a-49d9-adfc-35faca6fc785/resource/faffc63c-9507-451a-80b7-554cc0787368/download/est_2024_04_01.csv,work\cache\source_files\data_go_trend_inbound_tourists_2015_2023.csv,5ee8b2449523b81105d53c018bdcd4be1b98e9990ed16f481a244cf36694b862,derived from monthly arrivals
2017,11,YTD Nov,2017-11-01,32020316,11,8.658172364502015,29468852,YTD same 11 months,,data.go.th / MOTS: trend_inbound_tourists monthly country-level CSV,2024-04-02T00:00:00+00:00,https://data.go.th/dataset/trend_inbound_tourists,https://ckan.mots.go.th/dataset/445c66d8-a06a-49d9-adfc-35faca6fc785/resource/faffc63c-9507-451a-80b7-554cc0787368/download/est_2024_04_01.csv,work\cache\source_files\data_go_trend_inbound_tourists_2015_2023.csv,5ee8b2449523b81105d53c018bdcd4be1b98e9990ed16f481a244cf36694b862,derived from monthly arrivals
2017,12,YTD Dec,2017-12-01,35591978,12,9.414167803170459,32529588,YTD same 12 months,,data.go.th / MOTS: trend_inbound_tourists monthly country-level CSV,2024-04-02T00:00:00+00:00,https://data.go.th/dataset/trend_inbound_tourists,https://ckan.mots.go.th/dataset/445c66d8-a06a-49d9-adfc-35faca6fc785/resource/faffc63c-9507-451a-80b7-554cc0787368/download/est_2024_04_01.csv,work\cache\source_files\data_go_trend_inbound_tourists_2015_2023.csv,5ee8b2449523b81105d53c018bdcd4be1b98e9990ed16f481a244cf36694b862,derived from monthly arrivals
2018,1,YTD Jan,2018-01-01,3531483,1,10.460571032134913,3197053,YTD same 1 months,,data.go.th / MOTS: trend_inbound_tourists monthly country-level CSV,2024-04-02T00:00:00+00:00,https://data.go.th/dataset/trend_inbound_tourists,https://ckan.mots.go.th/dataset/445c66d8-a06a-49d9-adfc-35faca6fc785/resource/faffc63c-9507-451a-80b7-554cc0787368/download/est_2024_04_01.csv,work\cache\source_files\data_go_trend_inbound_tourists_2015_2023.csv,5ee8b2449523b81105d53c018bdcd4be1b98e9990ed16f481a244cf36694b862,derived from monthly arrivals
2018,2,YTD Feb,2018-02-01,7083602,2,14.9268403483368,6163575,YTD same 2 months,,data.go.th / MOTS: trend_inbound_tourists monthly country-level CSV,2024-04-02T00:00:00+00:00,https://data.go.th/dataset/trend_inbound_tourists,https://ckan.mots.go.th/dataset/445c66d8-a06a-49d9-adfc-35faca6fc785/resource/faffc63c-9507-451a-80b7-554cc0787368/download/est_2024_04_01.csv,work\cache\source_files\data_go_trend_inbound_tourists_2015_2023.csv,5ee8b2449523b81105d53c018bdcd4be1b98e9990ed16f481a244cf36694b862,derived from monthly arrivals
2018,3,YTD Mar,2018-03-01,10578247,3,15.206525037176055,9181986,YTD same 3 months,,data.go.th / MOTS: trend_inbound_tourists monthly country-level CSV,2024-04-02T00:00:00+00:00,https://data.go.th/dataset/trend_inbound_tourists,https://ckan.mots.go.th/dataset/445c66d8-a06a-49d9-adfc-35faca6fc785/resource/faffc63c-9507-451a-80b7-554cc0787368/download/est_2024_04_01.csv,work\cache\source_files\data_go_trend_inbound_tourists_2015_2023.csv,5ee8b2449523b81105d53c018bdcd4be1b98e9990ed16f481a244cf36694b862,derived from monthly arrivals
2018,4,YTD Apr,2018-04-01,13674314,4,13.618634689995424,12035274,YTD same 4 months,,data.go.th / MOTS: trend_inbound_tourists monthly country-level CSV,2024-04-02T00:00:00+00:00,https://data.go.th/dataset/trend_inbound_tourists,https://ckan.mots.go.th/dataset/445c66d8-a06a-49d9-adfc-35faca6fc785/resource/faffc63c-9507-451a-80b7-554cc0787368/download/est_2024_04_01.csv,work\cache\source_files\data_go_trend_inbound_tourists_2015_2023.csv,5ee8b2449523b81105d53c018bdcd4be1b98e9990ed16f481a244cf36694b862,derived from monthly arrivals
2018,5,YTD May,2018-05-01,16412148,5,12.13625566398453,14635898,YTD same 5 months,,data.go.th / MOTS: trend_inbound_tourists monthly country-level CSV,2024-04-02T00:00:00+00:00,https://data.go.th/dataset/trend_inbound_tourists,https://ckan.mots.go.th/dataset/445c66d8-a06a-49d9-adfc-35faca6fc785/resource/faffc63c-9507-451a-80b7-554cc0787368/download/est_2024_04_01.csv,work\cache\source_files\data_go_trend_inbound_tourists_2015_2023.csv,5ee8b2449523b81105d53c018bdcd4be1b98e9990ed16f481a244cf36694b862,derived from monthly arrivals
2018,6,YTD Jun,2018-06-01,19425452,6,11.852856312874383,17366970,YTD same 6 months,,data.go.th / MOTS: trend_inbound_tourists monthly country-level CSV,2024-04-02T00:00:00+00:00,https://data.go.th/dataset/trend_inbound_tourists,https://ckan.mots.go.th/dataset/445c66d8-a06a-49d9-adfc-35faca6fc785/resource/faffc63c-9507-451a-80b7-554cc0787368/download/est_2024_04_01.csv,work\cache\source_files\data_go_trend_inbound_tourists_2015_2023.csv,5ee8b2449523b81105d53c018bdcd4be1b98e9990ed16f481a244cf36694b862,derived from monthly arrivals
2018,7,YTD Jul,2018-07-01,22602540,7,10.437415431425357,20466379,YTD same 7 months,,data.go.th / MOTS: trend_inbound_tourists monthly country-level CSV,2024-04-02T00:00:00+00:00,https://data.go.th/dataset/trend_inbound_tourists,https://ckan.mots.go.th/dataset/445c66d8-a06a-49d9-adfc-35faca6fc785/resource/faffc63c-9507-451a-80b7-554cc0787368/download/est_2024_04_01.csv,work\cache\source_files\data_go_trend_inbound_tourists_2015_2023.csv,5ee8b2449523b81105d53c018bdcd4be1b98e9990ed16f481a244cf36694b862,derived from monthly arrivals
2018,8,YTD Aug,2018-08-01,25831571,8,9.203498340930683,23654527,YTD same 8 months,,data.go.th / MOTS: trend_inbound_tourists monthly country-level CSV,2024-04-02T00:00:00+00:00,https://data.go.th/dataset/trend_inbound_tourists,https://ckan.mots.go.th/dataset/445c66d8-a06a-49d9-adfc-35faca6fc785/resource/faffc63c-9507-451a-80b7-554cc0787368/download/est_2024_04_01.csv,work\cache\source_files\data_go_trend_inbound_tourists_2015_2023.csv,5ee8b2449523b81105d53c018bdcd4be1b98e9990ed16f481a244cf36694b862,derived from monthly arrivals
2018,9,YTD Sep,2018-09-01,28467686,9,8.428475914085976,26254806,YTD same 9 months,,data.go.th / MOTS: trend_inbound_tourists monthly country-level CSV,2024-04-02T00:00:00+00:00,https://data.go.th/dataset/trend_inbound_tourists,https://ckan.mots.go.th/dataset/445c66d8-a06a-49d9-adfc-35faca6fc785/resource/faffc63c-9507-451a-80b7-554cc0787368/download/est_2024_04_01.csv,work\cache\source_files\data_go_trend_inbound_tourists_2015_2023.csv,5ee8b2449523b81105d53c018bdcd4be1b98e9990ed16f481a244cf36694b862,derived from monthly arrivals
2018,10,YTD Oct,2018-10-01,31171688,10,7.559980592634097,28980749,YTD same 10 months,,data.go.th / MOTS: trend_inbound_tourists monthly country-level CSV,2024-04-02T00:00:00+00:00,https://data.go.th/dataset/trend_inbound_tourists,https://ckan.mots.go.th/dataset/445c66d8-a06a-49d9-adfc-35faca6fc785/resource/faffc63c-9507-451a-80b7-554cc0787368/download/est_2024_04_01.csv,work\cache\source_files\data_go_trend_inbound_tourists_2015_2023.csv,5ee8b2449523b81105d53c018bdcd4be1b98e9990ed16f481a244cf36694b862,derived from monthly arrivals
2018,11,YTD Nov,2018-11-01,34342684,11,7.25279538153214,32020316,YTD same 11 months,,data.go.th / MOTS: trend_inbound_tourists monthly country-level CSV,2024-04-02T00:00:00+00:00,https://data.go.th/dataset/trend_inbound_tourists,https://ckan.mots.go.th/dataset/445c66d8-a06a-49d9-adfc-35faca6fc785/resource/faffc63c-9507-451a-80b7-554cc0787368/download/est_2024_04_01.csv,work\cache\source_files\data_go_trend_inbound_tourists_2015_2023.csv,5ee8b2449523b81105d53c018bdcd4be1b98e9990ed16f481a244cf36694b862,derived from monthly arrivals
2018,12,YTD Dec,2018-12-01,38178194,12,7.26628904974036,35591978,YTD same 12 months,,data.go.th / MOTS: trend_inbound_tourists monthly country-level CSV,2024-04-02T00:00:00+00:00,https://data.go.th/dataset/trend_inbound_tourists,https://ckan.mots.go.th/dataset/445c66d8-a06a-49d9-adfc-35faca6fc785/resource/faffc63c-9507-451a-80b7-554cc0787368/download/est_2024_04_01.csv,work\cache\source_files\data_go_trend_inbound_tourists_2015_2023.csv,5ee8b2449523b81105d53c018bdcd4be1b98e9990ed16f481a244cf36694b862,derived from monthly arrivals
2019,1,YTD Jan,2019-01-01,3713172,1,5.144835753138266,3531483,YTD same 1 months,,data.go.th / MOTS: trend_inbound_tourists monthly country-level CSV,2024-04-02T00:00:00+00:00,https://data.go.th/dataset/trend_inbound_tourists,https://ckan.mots.go.th/dataset/445c66d8-a06a-49d9-adfc-35faca6fc785/resource/faffc63c-9507-451a-80b7-554cc0787368/download/est_2024_04_01.csv,work\cache\source_files\data_go_trend_inbound_tourists_2015_2023.csv,5ee8b2449523b81105d53c018bdcd4be1b98e9990ed16f481a244cf36694b862,derived from monthly arrivals
2019,2,YTD Feb,2019-02-01,7314094,2,3.2538812880791523,7083602,YTD same 2 months,,data.go.th / MOTS: trend_inbound_tourists monthly country-level CSV,2024-04-02T00:00:00+00:00,https://data.go.th/dataset/trend_inbound_tourists,https://ckan.mots.go.th/dataset/445c66d8-a06a-49d9-adfc-35faca6fc785/resource/faffc63c-9507-451a-80b7-554cc0787368/download/est_2024_04_01.csv,work\cache\source_files\data_go_trend_inbound_tourists_2015_2023.csv,5ee8b2449523b81105d53c018bdcd4be1b98e9990ed16f481a244cf36694b862,derived from monthly arrivals
2019,3,YTD Mar,2019-03-01,10792781,3,2.028067599480332,10578247,YTD same 3 months,,data.go.th / MOTS: trend_inbound_tourists monthly country-level CSV,2024-04-02T00:00:00+00:00,https://data.go.th/dataset/trend_inbound_tourists,https://ckan.mots.go.th/dataset/445c66d8-a06a-49d9-adfc-35faca6fc785/resource/faffc63c-9507-451a-80b7-554cc0787368/download/est_2024_04_01.csv,work\cache\source_files\data_go_trend_inbound_tourists_2015_2023.csv,5ee8b2449523b81105d53c018bdcd4be1b98e9990ed16f481a244cf36694b862,derived from monthly arrivals
2019,4,YTD Apr,2019-04-01,14009710,4,2.4527446130021557,13674314,YTD same 4 months,,data.go.th / MOTS: trend_inbound_tourists monthly country-level CSV,2024-04-02T00:00:00+00:00,https://data.go.th/dataset/trend_inbound_tourists,https://ckan.mots.go.th/dataset/445c66d8-a06a-49d9-adfc-35faca6fc785/resource/faffc63c-9507-451a-80b7-554cc0787368/download/est_2024_04_01.csv,work\cache\source_files\data_go_trend_inbound_tourists_2015_2023.csv,5ee8b2449523b81105d53c018bdcd4be1b98e9990ed16f481a244cf36694b862,derived from monthly arrivals
2019,5,YTD May,2019-05-01,16746308,5,2.0360528067380423,16412148,YTD same 5 months,,data.go.th / MOTS: trend_inbound_tourists monthly country-level CSV,2024-04-02T00:00:00+00:00,https://data.go.th/dataset/trend_inbound_tourists,https://ckan.mots.go.th/dataset/445c66d8-a06a-49d9-adfc-35faca6fc785/resource/faffc63c-9507-451a-80b7-554cc0787368/download/est_2024_04_01.csv,work\cache\source_files\data_go_trend_inbound_tourists_2015_2023.csv,5ee8b2449523b81105d53c018bdcd4be1b98e9990ed16f481a244cf36694b862,derived from monthly arrivals
2019,6,YTD Jun,2019-06-01,19803005,6,1.9435995620590951,19425452,YTD same 6 months,,data.go.th / MOTS: trend_inbound_tourists monthly country-level CSV,2024-04-02T00:00:00+00:00,https://data.go.th/dataset/trend_inbound_tourists,https://ckan.mots.go.th/dataset/445c66d8-a06a-49d9-adfc-35faca6fc785/resource/faffc63c-9507-451a-80b7-554cc0787368/download/est_2024_04_01.csv,work\cache\source_files\data_go_trend_inbound_tourists_2015_2023.csv,5ee8b2449523b81105d53c018bdcd4be1b98e9990ed16f481a244cf36694b862,derived from monthly arrivals
2019,7,YTD Jul,2019-07-01,23145755,7,2.4033360852364405,22602540,YTD same 7 months,,data.go.th / MOTS: trend_inbound_tourists monthly country-level CSV,2024-04-02T00:00:00+00:00,https://data.go.th/dataset/trend_inbound_tourists,https://ckan.mots.go.th/dataset/445c66d8-a06a-49d9-adfc-35faca6fc785/resource/faffc63c-9507-451a-80b7-554cc0787368/download/est_2024_04_01.csv,work\cache\source_files\data_go_trend_inbound_tourists_2015_2023.csv,5ee8b2449523b81105d53c018bdcd4be1b98e9990ed16f481a244cf36694b862,derived from monthly arrivals
2019,8,YTD Aug,2019-08-01,26618410,8,3.046036185720169,25831571,YTD same 8 months,,data.go.th / MOTS: trend_inbound_tourists monthly country-level CSV,2024-04-02T00:00:00+00:00,https://data.go.th/dataset/trend_inbound_tourists,https://ckan.mots.go.th/dataset/445c66d8-a06a-49d9-adfc-35faca6fc785/resource/faffc63c-9507-451a-80b7-554cc0787368/download/est_2024_04_01.csv,work\cache\source_files\data_go_trend_inbound_tourists_2015_2023.csv,5ee8b2449523b81105d53c018bdcd4be1b98e9990ed16f481a244cf36694b862,derived from monthly arrivals
2019,9,YTD Sep,2019-09-01,29508449,9,3.6559452004634396,28467686,YTD same 9 months,,data.go.th / MOTS: trend_inbound_tourists monthly country-level CSV,2024-04-02T00:00:00+00:00,https://data.go.th/dataset/trend_inbound_tourists,https://ckan.mots.go.th/dataset/445c66d8-a06a-49d9-adfc-35faca6fc785/resource/faffc63c-9507-451a-80b7-554cc0787368/download/est_2024_04_01.csv,work\cache\source_files\data_go_trend_inbound_tourists_2015_2023.csv,5ee8b2449523b81105d53c018bdcd4be1b98e9990ed16f481a244cf36694b862,derived from monthly arrivals
2019,10,YTD Oct,2019-10-01,32582548,10,4.526094319948282,31171688,YTD same 10 months,,data.go.th / MOTS: trend_inbound_tourists monthly country-level CSV,2024-04-02T00:00:00+00:00,https://data.go.th/dataset/trend_inbound_tourists,https://ckan.mots.go.th/dataset/445c66d8-a06a-49d9-adfc-35faca6fc785/resource/faffc63c-9507-451a-80b7-554cc0787368/download/est_2024_04_01.csv,work\cache\source_files\data_go_trend_inbound_tourists_2015_2023.csv,5ee8b2449523b81105d53c018bdcd4be1b98e9990ed16f481a244cf36694b862,derived from monthly arrivals
2019,11,YTD Nov,2019-11-01,35968914,11,4.735302575651912,34342684,YTD same 11 months,,data.go.th / MOTS: trend_inbound_tourists monthly country-level CSV,2024-04-02T00:00:00+00:00,https://data.go.th/dataset/trend_inbound_tourists,https://ckan.mots.go.th/dataset/445c66d8-a06a-49d9-adfc-35faca6fc785/resource/faffc63c-9507-451a-80b7-554cc0787368/download/est_2024_04_01.csv,work\cache\source_files\data_go_trend_inbound_tourists_2015_2023.csv,5ee8b2449523b81105d53c018bdcd4be1b98e9990ed16f481a244cf36694b862,derived from monthly arrivals
2019,12,YTD Dec,2019-12-01,39916251,12,4.552486165270153,38178194,YTD same 12 months,,data.go.th / MOTS: trend_inbound_tourists monthly country-level CSV,2024-04-02T00:00:00+00:00,https://data.go.th/dataset/trend_inbound_tourists,https://ckan.mots.go.th/dataset/445c66d8-a06a-49d9-adfc-35faca6fc785/resource/faffc63c-9507-451a-80b7-554cc0787368/download/est_2024_04_01.csv,work\cache\source_files\data_go_trend_inbound_tourists_2015_2023.csv,5ee8b2449523b81105d53c018bdcd4be1b98e9990ed16f481a244cf36694b862,derived from monthly arrivals
2020,1,YTD Jan,2020-01-01,3810155,1,2.611863926583524,3713172,YTD same 1 months,,data.go.th / MOTS: trend_inbound_tourists monthly country-level CSV,2024-04-02T00:00:00+00:00,https://data.go.th/dataset/trend_inbound_tourists,https://ckan.mots.go.th/dataset/445c66d8-a06a-49d9-adfc-35faca6fc785/resource/faffc63c-9507-451a-80b7-554cc0787368/download/est_2024_04_01.csv,work\cache\source_files\data_go_trend_inbound_tourists_2015_2023.csv,5ee8b2449523b81105d53c018bdcd4be1b98e9990ed16f481a244cf36694b862,derived from monthly arrivals
2020,2,YTD Feb,2020-02-01,5872145,2,-19.714663224180605,7314094,YTD same 2 months,,data.go.th / MOTS: trend_inbound_tourists monthly country-level CSV,2024-04-02T00:00:00+00:00,https://data.go.th/dataset/trend_inbound_tourists,https://ckan.mots.go.th/dataset/445c66d8-a06a-49d9-adfc-35faca6fc785/resource/faffc63c-9507-451a-80b7-554cc0787368/download/est_2024_04_01.csv,work\cache\source_files\data_go_trend_inbound_tourists_2015_2023.csv,5ee8b2449523b81105d53c018bdcd4be1b98e9990ed16f481a244cf36694b862,derived from monthly arrivals
2020,3,YTD Mar,2020-03-01,6691574,3,-37.99953876577315,10792781,YTD same 3 months,,data.go.th / MOTS: trend_inbound_tourists monthly country-level CSV,2024-04-02T00:00:00+00:00,https://data.go.th/dataset/trend_inbound_tourists,https://ckan.mots.go.th/dataset/445c66d8-a06a-49d9-adfc-35faca6fc785/resource/faffc63c-9507-451a-80b7-554cc0787368/download/est_2024_04_01.csv,work\cache\source_files\data_go_trend_inbound_tourists_2015_2023.csv,5ee8b2449523b81105d53c018bdcd4be1b98e9990ed16f481a244cf36694b862,derived from monthly arrivals
2020,4,YTD Apr,2020-04-01,6691574,4,-52.236170484613886,14009710,YTD same 4 months,,data.go.th / MOTS: trend_inbound_tourists monthly country-level CSV,2024-04-02T00:00:00+00:00,https://data.go.th/dataset/trend_inbound_tourists,https://ckan.mots.go.th/dataset/445c66d8-a06a-49d9-adfc-35faca6fc785/resource/faffc63c-9507-451a-80b7-554cc0787368/download/est_2024_04_01.csv,work\cache\source_files\data_go_trend_inbound_tourists_2015_2023.csv,5ee8b2449523b81105d53c018bdcd4be1b98e9990ed16f481a244cf36694b862,derived from monthly arrivals
2020,5,YTD May,2020-05-01,6691574,5,-60.04149690785575,16746308,YTD same 5 months,,data.go.th / MOTS: trend_inbound_tourists monthly country-level CSV,2024-04-02T00:00:00+00:00,https://data.go.th/dataset/trend_inbound_tourists,https://ckan.mots.go.th/dataset/445c66d8-a06a-49d9-adfc-35faca6fc785/resource/faffc63c-9507-451a-80b7-554cc0787368/download/est_2024_04_01.csv,work\cache\source_files\data_go_trend_inbound_tourists_2015_2023.csv,5ee8b2449523b81105d53c018bdcd4be1b98e9990ed16f481a244cf36694b862,derived from monthly arrivals
2020,6,YTD Jun,2020-06-01,6691574,6,-66.209300053199,19803005,YTD same 6 months,,data.go.th / MOTS: trend_inbound_tourists monthly country-level CSV,2024-04-02T00:00:00+00:00,https://data.go.th/dataset/trend_inbound_tourists,https://ckan.mots.go.th/dataset/445c66d8-a06a-49d9-adfc-35faca6fc785/resource/faffc63c-9507-451a-80b7-554cc0787368/download/est_2024_04_01.csv,work\cache\source_files\data_go_trend_inbound_tourists_2015_2023.csv,5ee8b2449523b81105d53c018bdcd4be1b98e9990ed16f481a244cf36694b862,derived from monthly arrivals
2020,7,YTD Jul,2020-07-01,6691574,7,-71.08941142771104,23145755,YTD same 7 months,,data.go.th / MOTS: trend_inbound_tourists monthly country-level CSV,2024-04-02T00:00:00+00:00,https://data.go.th/dataset/trend_inbound_tourists,https://ckan.mots.go.th/dataset/445c66d8-a06a-49d9-adfc-35faca6fc785/resource/faffc63c-9507-451a-80b7-554cc0787368/download/est_2024_04_01.csv,work\cache\source_files\data_go_trend_inbound_tourists_2015_2023.csv,5ee8b2449523b81105d53c018bdcd4be1b98e9990ed16f481a244cf36694b862,derived from monthly arrivals
2020,8,YTD Aug,2020-08-01,6691574,8,-74.86110552809126,26618410,YTD same 8 months,,data.go.th / MOTS: trend_inbound_tourists monthly country-level CSV,2024-04-02T00:00:00+00:00,https://data.go.th/dataset/trend_inbound_tourists,https://ckan.mots.go.th/dataset/445c66d8-a06a-49d9-adfc-35faca6fc785/resource/faffc63c-9507-451a-80b7-554cc0787368/download/est_2024_04_01.csv,work\cache\source_files\data_go_trend_inbound_tourists_2015_2023.csv,5ee8b2449523b81105d53c018bdcd4be1b98e9990ed16f481a244cf36694b862,derived from monthly arrivals
2020,9,YTD Sep,2020-09-01,6691574,9,-77.32319309632302,29508449,YTD same 9 months,,data.go.th / MOTS: trend_inbound_tourists monthly country-level CSV,2024-04-02T00:00:00+00:00,https://data.go.th/dataset/trend_inbound_tourists,https://ckan.mots.go.th/dataset/445c66d8-a06a-49d9-adfc-35faca6fc785/resource/faffc63c-9507-451a-80b7-554cc0787368/download/est_2024_04_01.csv,work\cache\source_files\data_go_trend_inbound_tourists_2015_2023.csv,5ee8b2449523b81105d53c018bdcd4be1b98e9990ed16f481a244cf36694b862,derived from monthly arrivals
2020,10,YTD Oct,2020-10-01,6699121,10,-79.4395422973059,32582548,YTD same 10 months,,data.go.th / MOTS: trend_inbound_tourists monthly country-level CSV,2024-04-02T00:00:00+00:00,https://data.go.th/dataset/trend_inbound_tourists,https://ckan.mots.go.th/dataset/445c66d8-a06a-49d9-adfc-35faca6fc785/resource/faffc63c-9507-451a-80b7-554cc0787368/download/est_2024_04_01.csv,work\cache\source_files\data_go_trend_inbound_tourists_2015_2023.csv,5ee8b2449523b81105d53c018bdcd4be1b98e9990ed16f481a244cf36694b862,derived from monthly arrivals
2020,11,YTD Nov,2020-11-01,6709865,11,-81.34537784488016,35968914,YTD same 11 months,,data.go.th / MOTS: trend_inbound_tourists monthly country-level CSV,2024-04-02T00:00:00+00:00,https://data.go.th/dataset/trend_inbound_tourists,https://ckan.mots.go.th/dataset/445c66d8-a06a-49d9-adfc-35faca6fc785/resource/faffc63c-9507-451a-80b7-554cc0787368/download/est_2024_04_01.csv,work\cache\source_files\data_go_trend_inbound_tourists_2015_2023.csv,5ee8b2449523b81105d53c018bdcd4be1b98e9990ed16f481a244cf36694b862,derived from monthly arrivals
2020,12,YTD Dec,2020-12-01,6725193,12,-83.15174188076931,39916251,YTD same 12 months,,data.go.th / MOTS: trend_inbound_tourists monthly country-level CSV,2024-04-02T00:00:00+00:00,https://data.go.th/dataset/trend_inbound_tourists,https://ckan.mots.go.th/dataset/445c66d8-a06a-49d9-adfc-35faca6fc785/resource/faffc63c-9507-451a-80b7-554cc0787368/download/est_2024_04_01.csv,work\cache\source_files\data_go_trend_inbound_tourists_2015_2023.csv,5ee8b2449523b81105d53c018bdcd4be1b98e9990ed16f481a244cf36694b862,derived from monthly arrivals
2021,1,YTD Jan,2021-01-01,13758,1,-99.6389123277137,3810155,YTD same 1 months,,data.go.th / MOTS: trend_inbound_tourists monthly country-level CSV,2024-04-02T00:00:00+00:00,https://data.go.th/dataset/trend_inbound_tourists,https://ckan.mots.go.th/dataset/445c66d8-a06a-49d9-adfc-35faca6fc785/resource/faffc63c-9507-451a-80b7-554cc0787368/download/est_2024_04_01.csv,work\cache\source_files\data_go_trend_inbound_tourists_2015_2023.csv,5ee8b2449523b81105d53c018bdcd4be1b98e9990ed16f481a244cf36694b862,derived from monthly arrivals
2021,2,YTD Feb,2021-02-01,24095,2,-99.58967293893458,5872145,YTD same 2 months,,data.go.th / MOTS: trend_inbound_tourists monthly country-level CSV,2024-04-02T00:00:00+00:00,https://data.go.th/dataset/trend_inbound_tourists,https://ckan.mots.go.th/dataset/445c66d8-a06a-49d9-adfc-35faca6fc785/resource/faffc63c-9507-451a-80b7-554cc0787368/download/est_2024_04_01.csv,work\cache\source_files\data_go_trend_inbound_tourists_2015_2023.csv,5ee8b2449523b81105d53c018bdcd4be1b98e9990ed16f481a244cf36694b862,derived from monthly arrivals
2021,3,YTD Mar,2021-03-01,38342,3,-99.42701074515503,6691574,YTD same 3 months,,data.go.th / MOTS: trend_inbound_tourists monthly country-level CSV,2024-04-02T00:00:00+00:00,https://data.go.th/dataset/trend_inbound_tourists,https://ckan.mots.go.th/dataset/445c66d8-a06a-49d9-adfc-35faca6fc785/resource/faffc63c-9507-451a-80b7-554cc0787368/download/est_2024_04_01.csv,work\cache\source_files\data_go_trend_inbound_tourists_2015_2023.csv,5ee8b2449523b81105d53c018bdcd4be1b98e9990ed16f481a244cf36694b862,derived from monthly arrivals
2021,4,YTD Apr,2021-04-01,53566,4,-99.19950074526561,6691574,YTD same 4 months,,data.go.th / MOTS: trend_inbound_tourists monthly country-level CSV,2024-04-02T00:00:00+00:00,https://data.go.th/dataset/trend_inbound_tourists,https://ckan.mots.go.th/dataset/445c66d8-a06a-49d9-adfc-35faca6fc785/resource/faffc63c-9507-451a-80b7-554cc0787368/download/est_2024_04_01.csv,work\cache\source_files\data_go_trend_inbound_tourists_2015_2023.csv,5ee8b2449523b81105d53c018bdcd4be1b98e9990ed16f481a244cf36694b862,derived from monthly arrivals
2021,5,YTD May,2021-05-01,63501,5,-99.05103044515387,6691574,YTD same 5 months,,data.go.th / MOTS: trend_inbound_tourists monthly country-level CSV,2024-04-02T00:00:00+00:00,https://data.go.th/dataset/trend_inbound_tourists,https://ckan.mots.go.th/dataset/445c66d8-a06a-49d9-adfc-35faca6fc785/resource/faffc63c-9507-451a-80b7-554cc0787368/download/est_2024_04_01.csv,work\cache\source_files\data_go_trend_inbound_tourists_2015_2023.csv,5ee8b2449523b81105d53c018bdcd4be1b98e9990ed16f481a244cf36694b862,derived from monthly arrivals
2021,6,YTD Jun,2021-06-01,73048,6,-98.90835848187587,6691574,YTD same 6 months,,data.go.th / MOTS: trend_inbound_tourists monthly country-level CSV,2024-04-02T00:00:00+00:00,https://data.go.th/dataset/trend_inbound_tourists,https://ckan.mots.go.th/dataset/445c66d8-a06a-49d9-adfc-35faca6fc785/resource/faffc63c-9507-451a-80b7-554cc0787368/download/est_2024_04_01.csv,work\cache\source_files\data_go_trend_inbound_tourists_2015_2023.csv,5ee8b2449523b81105d53c018bdcd4be1b98e9990ed16f481a244cf36694b862,derived from monthly arrivals
2021,7,YTD Jul,2021-07-01,97068,7,-98.54939958819853,6691574,YTD same 7 months,,data.go.th / MOTS: trend_inbound_tourists monthly country-level CSV,2024-04-02T00:00:00+00:00,https://data.go.th/dataset/trend_inbound_tourists,https://ckan.mots.go.th/dataset/445c66d8-a06a-49d9-adfc-35faca6fc785/resource/faffc63c-9507-451a-80b7-554cc0787368/download/est_2024_04_01.csv,work\cache\source_files\data_go_trend_inbound_tourists_2015_2023.csv,5ee8b2449523b81105d53c018bdcd4be1b98e9990ed16f481a244cf36694b862,derived from monthly arrivals
2021,8,YTD Aug,2021-08-01,119027,8,-98.22124062290875,6691574,YTD same 8 months,,data.go.th / MOTS: trend_inbound_tourists monthly country-level CSV,2024-04-02T00:00:00+00:00,https://data.go.th/dataset/trend_inbound_tourists,https://ckan.mots.go.th/dataset/445c66d8-a06a-49d9-adfc-35faca6fc785/resource/faffc63c-9507-451a-80b7-554cc0787368/download/est_2024_04_01.csv,work\cache\source_files\data_go_trend_inbound_tourists_2015_2023.csv,5ee8b2449523b81105d53c018bdcd4be1b98e9990ed16f481a244cf36694b862,derived from monthly arrivals
2021,9,YTD Sep,2021-09-01,138883,9,-97.92450924102461,6691574,YTD same 9 months,,data.go.th / MOTS: trend_inbound_tourists monthly country-level CSV,2024-04-02T00:00:00+00:00,https://data.go.th/dataset/trend_inbound_tourists,https://ckan.mots.go.th/dataset/445c66d8-a06a-49d9-adfc-35faca6fc785/resource/faffc63c-9507-451a-80b7-554cc0787368/download/est_2024_04_01.csv,work\cache\source_files\data_go_trend_inbound_tourists_2015_2023.csv,5ee8b2449523b81105d53c018bdcd4be1b98e9990ed16f481a244cf36694b862,derived from monthly arrivals
2021,10,YTD Oct,2021-10-01,169524,10,-97.46945905291156,6699121,YTD same 10 months,,data.go.th / MOTS: trend_inbound_tourists monthly country-level CSV,2024-04-02T00:00:00+00:00,https://data.go.th/dataset/trend_inbound_tourists,https://ckan.mots.go.th/dataset/445c66d8-a06a-49d9-adfc-35faca6fc785/resource/faffc63c-9507-451a-80b7-554cc0787368/download/est_2024_04_01.csv,work\cache\source_files\data_go_trend_inbound_tourists_2015_2023.csv,5ee8b2449523b81105d53c018bdcd4be1b98e9990ed16f481a244cf36694b862,derived from monthly arrivals
2021,11,YTD Nov,2021-11-01,271907,11,-95.9476531942148,6709865,YTD same 11 months,,data.go.th / MOTS: trend_inbound_tourists monthly country-level CSV,2024-04-02T00:00:00+00:00,https://data.go.th/dataset/trend_inbound_tourists,https://ckan.mots.go.th/dataset/445c66d8-a06a-49d9-adfc-35faca6fc785/resource/faffc63c-9507-451a-80b7-554cc0787368/download/est_2024_04_01.csv,work\cache\source_files\data_go_trend_inbound_tourists_2015_2023.csv,5ee8b2449523b81105d53c018bdcd4be1b98e9990ed16f481a244cf36694b862,derived from monthly arrivals
2021,12,YTD Dec,2021-12-01,510767,12,-92.40516963602383,6725193,YTD same 12 months,,data.go.th / MOTS: trend_inbound_tourists monthly country-level CSV,2024-04-02T00:00:00+00:00,https://data.go.th/dataset/trend_inbound_tourists,https://ckan.mots.go.th/dataset/445c66d8-a06a-49d9-adfc-35faca6fc785/resource/faffc63c-9507-451a-80b7-554cc0787368/download/est_2024_04_01.csv,work\cache\source_files\data_go_trend_inbound_tourists_2015_2023.csv,5ee8b2449523b81105d53c018bdcd4be1b98e9990ed16f481a244cf36694b862,derived from monthly arrivals
2022,1,YTD Jan,2022-01-01,128224,1,831.9959296409362,13758,YTD same 1 months,,data.go.th / MOTS: trend_inbound_tourists monthly country-level CSV,2024-04-02T00:00:00+00:00,https://data.go.th/dataset/trend_inbound_tourists,https://ckan.mots.go.th/dataset/445c66d8-a06a-49d9-adfc-35faca6fc785/resource/faffc63c-9507-451a-80b7-554cc0787368/download/est_2024_04_01.csv,work\cache\source_files\data_go_trend_inbound_tourists_2015_2023.csv,5ee8b2449523b81105d53c018bdcd4be1b98e9990ed16f481a244cf36694b862,derived from monthly arrivals
2022,2,YTD Feb,2022-02-01,280018,2,1062.1415231375804,24095,YTD same 2 months,,data.go.th / MOTS: trend_inbound_tourists monthly country-level CSV,2024-04-02T00:00:00+00:00,https://data.go.th/dataset/trend_inbound_tourists,https://ckan.mots.go.th/dataset/445c66d8-a06a-49d9-adfc-35faca6fc785/resource/faffc63c-9507-451a-80b7-554cc0787368/download/est_2024_04_01.csv,work\cache\source_files\data_go_trend_inbound_tourists_2015_2023.csv,5ee8b2449523b81105d53c018bdcd4be1b98e9990ed16f481a244cf36694b862,derived from monthly arrivals
2022,3,YTD Mar,2022-03-01,488118,3,1173.06348129988,38342,YTD same 3 months,,data.go.th / MOTS: trend_inbound_tourists monthly country-level CSV,2024-04-02T00:00:00+00:00,https://data.go.th/dataset/trend_inbound_tourists,https://ckan.mots.go.th/dataset/445c66d8-a06a-49d9-adfc-35faca6fc785/resource/faffc63c-9507-451a-80b7-554cc0787368/download/est_2024_04_01.csv,work\cache\source_files\data_go_trend_inbound_tourists_2015_2023.csv,5ee8b2449523b81105d53c018bdcd4be1b98e9990ed16f481a244cf36694b862,derived from monthly arrivals
2022,4,YTD Apr,2022-04-01,775629,4,1347.9875294029796,53566,YTD same 4 months,,data.go.th / MOTS: trend_inbound_tourists monthly country-level CSV,2024-04-02T00:00:00+00:00,https://data.go.th/dataset/trend_inbound_tourists,https://ckan.mots.go.th/dataset/445c66d8-a06a-49d9-adfc-35faca6fc785/resource/faffc63c-9507-451a-80b7-554cc0787368/download/est_2024_04_01.csv,work\cache\source_files\data_go_trend_inbound_tourists_2015_2023.csv,5ee8b2449523b81105d53c018bdcd4be1b98e9990ed16f481a244cf36694b862,derived from monthly arrivals
2022,5,YTD May,2022-05-01,1283806,5,1921.7098943323726,63501,YTD same 5 months,,data.go.th / MOTS: trend_inbound_tourists monthly country-level CSV,2024-04-02T00:00:00+00:00,https://data.go.th/dataset/trend_inbound_tourists,https://ckan.mots.go.th/dataset/445c66d8-a06a-49d9-adfc-35faca6fc785/resource/faffc63c-9507-451a-80b7-554cc0787368/download/est_2024_04_01.csv,work\cache\source_files\data_go_trend_inbound_tourists_2015_2023.csv,5ee8b2449523b81105d53c018bdcd4be1b98e9990ed16f481a244cf36694b862,derived from monthly arrivals
2022,6,YTD Jun,2022-06-01,2052776,6,2710.174132077538,73048,YTD same 6 months,,data.go.th / MOTS: trend_inbound_tourists monthly country-level CSV,2024-04-02T00:00:00+00:00,https://data.go.th/dataset/trend_inbound_tourists,https://ckan.mots.go.th/dataset/445c66d8-a06a-49d9-adfc-35faca6fc785/resource/faffc63c-9507-451a-80b7-554cc0787368/download/est_2024_04_01.csv,work\cache\source_files\data_go_trend_inbound_tourists_2015_2023.csv,5ee8b2449523b81105d53c018bdcd4be1b98e9990ed16f481a244cf36694b862,derived from monthly arrivals
2022,7,YTD Jul,2022-07-01,3187705,7,3183.9916347302924,97068,YTD same 7 months,,data.go.th / MOTS: trend_inbound_tourists monthly country-level CSV,2024-04-02T00:00:00+00:00,https://data.go.th/dataset/trend_inbound_tourists,https://ckan.mots.go.th/dataset/445c66d8-a06a-49d9-adfc-35faca6fc785/resource/faffc63c-9507-451a-80b7-554cc0787368/download/est_2024_04_01.csv,work\cache\source_files\data_go_trend_inbound_tourists_2015_2023.csv,5ee8b2449523b81105d53c018bdcd4be1b98e9990ed16f481a244cf36694b862,derived from monthly arrivals
2022,8,YTD Aug,2022-08-01,4375923,8,3576.4120745713158,119027,YTD same 8 months,,data.go.th / MOTS: trend_inbound_tourists monthly country-level CSV,2024-04-02T00:00:00+00:00,https://data.go.th/dataset/trend_inbound_tourists,https://ckan.mots.go.th/dataset/445c66d8-a06a-49d9-adfc-35faca6fc785/resource/faffc63c-9507-451a-80b7-554cc0787368/download/est_2024_04_01.csv,work\cache\source_files\data_go_trend_inbound_tourists_2015_2023.csv,5ee8b2449523b81105d53c018bdcd4be1b98e9990ed16f481a244cf36694b862,derived from monthly arrivals
2022,9,YTD Sep,2022-09-01,5635197,9,3957.513878588452,138883,YTD same 9 months,,data.go.th / MOTS: trend_inbound_tourists monthly country-level CSV,2024-04-02T00:00:00+00:00,https://data.go.th/dataset/trend_inbound_tourists,https://ckan.mots.go.th/dataset/445c66d8-a06a-49d9-adfc-35faca6fc785/resource/faffc63c-9507-451a-80b7-554cc0787368/download/est_2024_04_01.csv,work\cache\source_files\data_go_trend_inbound_tourists_2015_2023.csv,5ee8b2449523b81105d53c018bdcd4be1b98e9990ed16f481a244cf36694b862,derived from monthly arrivals
2022,10,YTD Oct,2022-10-01,7102562,10,4089.7088317878292,169524,YTD same 10 months,,data.go.th / MOTS: trend_inbound_tourists monthly country-level CSV,2024-04-02T00:00:00+00:00,https://data.go.th/dataset/trend_inbound_tourists,https://ckan.mots.go.th/dataset/445c66d8-a06a-49d9-adfc-35faca6fc785/resource/faffc63c-9507-451a-80b7-554cc0787368/download/est_2024_04_01.csv,work\cache\source_files\data_go_trend_inbound_tourists_2015_2023.csv,5ee8b2449523b81105d53c018bdcd4be1b98e9990ed16f481a244cf36694b862,derived from monthly arrivals
2022,11,YTD Nov,2022-11-01,8824049,11,3145.2452492947955,271907,YTD same 11 months,,data.go.th / MOTS: trend_inbound_tourists monthly country-level CSV,2024-04-02T00:00:00+00:00,https://data.go.th/dataset/trend_inbound_tourists,https://ckan.mots.go.th/dataset/445c66d8-a06a-49d9-adfc-35faca6fc785/resource/faffc63c-9507-451a-80b7-554cc0787368/download/est_2024_04_01.csv,work\cache\source_files\data_go_trend_inbound_tourists_2015_2023.csv,5ee8b2449523b81105d53c018bdcd4be1b98e9990ed16f481a244cf36694b862,derived from monthly arrivals
2022,12,YTD Dec,2022-12-01,11065226,12,2066.394070094583,510767,YTD same 12 months,,data.go.th / MOTS: trend_inbound_tourists monthly country-level CSV,2024-04-02T00:00:00+00:00,https://data.go.th/dataset/trend_inbound_tourists,https://ckan.mots.go.th/dataset/445c66d8-a06a-49d9-adfc-35faca6fc785/resource/faffc63c-9507-451a-80b7-554cc0787368/download/est_2024_04_01.csv,work\cache\source_files\data_go_trend_inbound_tourists_2015_2023.csv,5ee8b2449523b81105d53c018bdcd4be1b98e9990ed16f481a244cf36694b862,derived from monthly arrivals
2023,1,YTD Jan,2023-01-01,2144948,1,1572.8132018966808,128224,YTD same 1 months,,data.go.th / MOTS: trend_inbound_tourists monthly country-level CSV,2024-04-02T00:00:00+00:00,https://data.go.th/dataset/trend_inbound_tourists,https://ckan.mots.go.th/dataset/445c66d8-a06a-49d9-adfc-35faca6fc785/resource/faffc63c-9507-451a-80b7-554cc0787368/download/est_2024_04_01.csv,work\cache\source_files\data_go_trend_inbound_tourists_2015_2023.csv,5ee8b2449523b81105d53c018bdcd4be1b98e9990ed16f481a244cf36694b862,derived from monthly arrivals
2023,2,YTD Feb,2023-02-01,4258498,2,1420.7943775043032,280018,YTD same 2 months,,data.go.th / MOTS: trend_inbound_tourists monthly country-level CSV,2024-04-02T00:00:00+00:00,https://data.go.th/dataset/trend_inbound_tourists,https://ckan.mots.go.th/dataset/445c66d8-a06a-49d9-adfc-35faca6fc785/resource/faffc63c-9507-451a-80b7-554cc0787368/download/est_2024_04_01.csv,work\cache\source_files\data_go_trend_inbound_tourists_2015_2023.csv,5ee8b2449523b81105d53c018bdcd4be1b98e9990ed16f481a244cf36694b862,derived from monthly arrivals
2023,3,YTD Mar,2023-03-01,6528231,3,1237.4288594151415,488118,YTD same 3 months,,data.go.th / MOTS: trend_inbound_tourists monthly country-level CSV,2024-04-02T00:00:00+00:00,https://data.go.th/dataset/trend_inbound_tourists,https://ckan.mots.go.th/dataset/445c66d8-a06a-49d9-adfc-35faca6fc785/resource/faffc63c-9507-451a-80b7-554cc0787368/download/est_2024_04_01.csv,work\cache\source_files\data_go_trend_inbound_tourists_2015_2023.csv,5ee8b2449523b81105d53c018bdcd4be1b98e9990ed16f481a244cf36694b862,derived from monthly arrivals
2023,4,YTD Apr,2023-04-01,8710331,4,1023.0022343156328,775629,YTD same 4 months,,data.go.th / MOTS: trend_inbound_tourists monthly country-level CSV,2024-04-02T00:00:00+00:00,https://data.go.th/dataset/trend_inbound_tourists,https://ckan.mots.go.th/dataset/445c66d8-a06a-49d9-adfc-35faca6fc785/resource/faffc63c-9507-451a-80b7-554cc0787368/download/est_2024_04_01.csv,work\cache\source_files\data_go_trend_inbound_tourists_2015_2023.csv,5ee8b2449523b81105d53c018bdcd4be1b98e9990ed16f481a244cf36694b862,derived from monthly arrivals
2023,5,YTD May,2023-05-01,10724183,5,735.3429568018845,1283806,YTD same 5 months,,data.go.th / MOTS: trend_inbound_tourists monthly country-level CSV,2024-04-02T00:00:00+00:00,https://data.go.th/dataset/trend_inbound_tourists,https://ckan.mots.go.th/dataset/445c66d8-a06a-49d9-adfc-35faca6fc785/resource/faffc63c-9507-451a-80b7-554cc0787368/download/est_2024_04_01.csv,work\cache\source_files\data_go_trend_inbound_tourists_2015_2023.csv,5ee8b2449523b81105d53c018bdcd4be1b98e9990ed16f481a244cf36694b862,derived from monthly arrivals
2023,6,YTD Jun,2023-06-01,12965384,6,531.6024739182453,2052776,YTD same 6 months,,data.go.th / MOTS: trend_inbound_tourists monthly country-level CSV,2024-04-02T00:00:00+00:00,https://data.go.th/dataset/trend_inbound_tourists,https://ckan.mots.go.th/dataset/445c66d8-a06a-49d9-adfc-35faca6fc785/resource/faffc63c-9507-451a-80b7-554cc0787368/download/est_2024_04_01.csv,work\cache\source_files\data_go_trend_inbound_tourists_2015_2023.csv,5ee8b2449523b81105d53c018bdcd4be1b98e9990ed16f481a244cf36694b862,derived from monthly arrivals
2023,7,YTD Jul,2023-07-01,15456027,7,384.863781309751,3187705,YTD same 7 months,,data.go.th / MOTS: trend_inbound_tourists monthly country-level CSV,2024-04-02T00:00:00+00:00,https://data.go.th/dataset/trend_inbound_tourists,https://ckan.mots.go.th/dataset/445c66d8-a06a-49d9-adfc-35faca6fc785/resource/faffc63c-9507-451a-80b7-554cc0787368/download/est_2024_04_01.csv,work\cache\source_files\data_go_trend_inbound_tourists_2015_2023.csv,5ee8b2449523b81105d53c018bdcd4be1b98e9990ed16f481a244cf36694b862,derived from monthly arrivals
2023,8,YTD Aug,2023-08-01,17924069,8,309.6065904267511,4375923,YTD same 8 months,,data.go.th / MOTS: trend_inbound_tourists monthly country-level CSV,2024-04-02T00:00:00+00:00,https://data.go.th/dataset/trend_inbound_tourists,https://ckan.mots.go.th/dataset/445c66d8-a06a-49d9-adfc-35faca6fc785/resource/faffc63c-9507-451a-80b7-554cc0787368/download/est_2024_04_01.csv,work\cache\source_files\data_go_trend_inbound_tourists_2015_2023.csv,5ee8b2449523b81105d53c018bdcd4be1b98e9990ed16f481a244cf36694b862,derived from monthly arrivals
2023,9,YTD Sep,2023-09-01,20054665,9,255.88223446314296,5635197,YTD same 9 months,,data.go.th / MOTS: trend_inbound_tourists monthly country-level CSV,2024-04-02T00:00:00+00:00,https://data.go.th/dataset/trend_inbound_tourists,https://ckan.mots.go.th/dataset/445c66d8-a06a-49d9-adfc-35faca6fc785/resource/faffc63c-9507-451a-80b7-554cc0787368/download/est_2024_04_01.csv,work\cache\source_files\data_go_trend_inbound_tourists_2015_2023.csv,5ee8b2449523b81105d53c018bdcd4be1b98e9990ed16f481a244cf36694b862,derived from monthly arrivals
2023,10,YTD Oct,2023-10-01,22251682,10,213.2909223460492,7102562,YTD same 10 months,,data.go.th / MOTS: trend_inbound_tourists monthly country-level CSV,2024-04-02T00:00:00+00:00,https://data.go.th/dataset/trend_inbound_tourists,https://ckan.mots.go.th/dataset/445c66d8-a06a-49d9-adfc-35faca6fc785/resource/faffc63c-9507-451a-80b7-554cc0787368/download/est_2024_04_01.csv,work\cache\source_files\data_go_trend_inbound_tourists_2015_2023.csv,5ee8b2449523b81105d53c018bdcd4be1b98e9990ed16f481a244cf36694b862,derived from monthly arrivals
2023,11,YTD Nov,2023-11-01,24888759,11,182.05599266277872,8824049,YTD same 11 months,,data.go.th / MOTS: trend_inbound_tourists monthly country-level CSV,2024-04-02T00:00:00+00:00,https://data.go.th/dataset/trend_inbound_tourists,https://ckan.mots.go.th/dataset/445c66d8-a06a-49d9-adfc-35faca6fc785/resource/faffc63c-9507-451a-80b7-554cc0787368/download/est_2024_04_01.csv,work\cache\source_files\data_go_trend_inbound_tourists_2015_2023.csv,5ee8b2449523b81105d53c018bdcd4be1b98e9990ed16f481a244cf36694b862,derived from monthly arrivals
2023,12,YTD Dec,2023-12-01,28150016,12,154.4007325290961,11065226,YTD same 12 months,,data.go.th / MOTS: trend_inbound_tourists monthly country-level CSV,2024-04-02T00:00:00+00:00,https://data.go.th/dataset/trend_inbound_tourists,https://ckan.mots.go.th/dataset/445c66d8-a06a-49d9-adfc-35faca6fc785/resource/faffc63c-9507-451a-80b7-554cc0787368/download/est_2024_04_01.csv,work\cache\source_files\data_go_trend_inbound_tourists_2015_2023.csv,5ee8b2449523b81105d53c018bdcd4be1b98e9990ed16f481a244cf36694b862,derived from monthly arrivals
2024,1,YTD Jan,2024-01-01,3035296,1,41.50907154858765,2144948,YTD same 1 months,,สถิตินักท่องเที่ยวชาวต่างชาติที่เดินทางเข้าประเทศไทย ม.ค. - ธ.ค. ปี 2568 (เบื้องต้น) (International Tourist Arrivals to Thailand Jan - Dec 2025P),2026-01-06T09:43:49.402Z,https://www.mots.go.th/news/category/806,https://www.mots.go.th/images/v2022_875a5789-3bcc-4700-bf55-b86fa7f1053c.xlsx,work\cache\source_files\2025_806_13676_สถ_ต_น_กท_องเท_ยวชาวต_างชาต_ท_เด_นทางเข_าประเทศไทย_ม.ค._-_ธ..xlsx,8dfeefbc510463770f246b420463f363183211ebfbc1d1a880be75d58b7562ac,derived from monthly arrivals
2024,2,YTD Feb,2024-02-01,6387598,2,49.996501113772986,4258498,YTD same 2 months,,สถิตินักท่องเที่ยวชาวต่างชาติที่เดินทางเข้าประเทศไทย ม.ค. - ธ.ค. ปี 2568 (เบื้องต้น) (International Tourist Arrivals to Thailand Jan - Dec 2025P),2026-01-06T09:43:49.402Z,https://www.mots.go.th/news/category/806,https://www.mots.go.th/images/v2022_875a5789-3bcc-4700-bf55-b86fa7f1053c.xlsx,work\cache\source_files\2025_806_13676_สถ_ต_น_กท_องเท_ยวชาวต_างชาต_ท_เด_นทางเข_าประเทศไทย_ม.ค._-_ธ..xlsx,8dfeefbc510463770f246b420463f363183211ebfbc1d1a880be75d58b7562ac,derived from monthly arrivals
2024,3,YTD Mar,2024-03-01,9370319,3,43.53534671184276,6528231,YTD same 3 months,,สถิตินักท่องเที่ยวชาวต่างชาติที่เดินทางเข้าประเทศไทย ม.ค. - ธ.ค. ปี 2568 (เบื้องต้น) (International Tourist Arrivals to Thailand Jan - Dec 2025P),2026-01-06T09:43:49.402Z,https://www.mots.go.th/news/category/806,https://www.mots.go.th/images/v2022_875a5789-3bcc-4700-bf55-b86fa7f1053c.xlsx,work\cache\source_files\2025_806_13676_สถ_ต_น_กท_องเท_ยวชาวต_างชาต_ท_เด_นทางเข_าประเทศไทย_ม.ค._-_ธ..xlsx,8dfeefbc510463770f246b420463f363183211ebfbc1d1a880be75d58b7562ac,derived from monthly arrivals
2024,4,YTD Apr,2024-04-01,12127447,4,39.230610180026446,8710331,YTD same 4 months,,สถิตินักท่องเที่ยวชาวต่างชาติที่เดินทางเข้าประเทศไทย ม.ค. - ธ.ค. ปี 2568 (เบื้องต้น) (International Tourist Arrivals to Thailand Jan - Dec 2025P),2026-01-06T09:43:49.402Z,https://www.mots.go.th/news/category/806,https://www.mots.go.th/images/v2022_875a5789-3bcc-4700-bf55-b86fa7f1053c.xlsx,work\cache\source_files\2025_806_13676_สถ_ต_น_กท_องเท_ยวชาวต_างชาต_ท_เด_นทางเข_าประเทศไทย_ม.ค._-_ธ..xlsx,8dfeefbc510463770f246b420463f363183211ebfbc1d1a880be75d58b7562ac,derived from monthly arrivals
2024,5,YTD May,2024-05-01,14760911,5,37.64135692201447,10724183,YTD same 5 months,,สถิตินักท่องเที่ยวชาวต่างชาติที่เดินทางเข้าประเทศไทย ม.ค. - ธ.ค. ปี 2568 (เบื้องต้น) (International Tourist Arrivals to Thailand Jan - Dec 2025P),2026-01-06T09:43:49.402Z,https://www.mots.go.th/news/category/806,https://www.mots.go.th/images/v2022_875a5789-3bcc-4700-bf55-b86fa7f1053c.xlsx,work\cache\source_files\2025_806_13676_สถ_ต_น_กท_องเท_ยวชาวต_างชาต_ท_เด_นทางเข_าประเทศไทย_ม.ค._-_ธ..xlsx,8dfeefbc510463770f246b420463f363183211ebfbc1d1a880be75d58b7562ac,derived from monthly arrivals
2024,6,YTD Jun,2024-06-01,17501283,6,34.984686917101726,12965384,YTD same 6 months,,สถิตินักท่องเที่ยวชาวต่างชาติที่เดินทางเข้าประเทศไทย ม.ค. - ธ.ค. ปี 2568 (เบื้องต้น) (International Tourist Arrivals to Thailand Jan - Dec 2025P),2026-01-06T09:43:49.402Z,https://www.mots.go.th/news/category/806,https://www.mots.go.th/images/v2022_875a5789-3bcc-4700-bf55-b86fa7f1053c.xlsx,work\cache\source_files\2025_806_13676_สถ_ต_น_กท_องเท_ยวชาวต_างชาต_ท_เด_นทางเข_าประเทศไทย_ม.ค._-_ธ..xlsx,8dfeefbc510463770f246b420463f363183211ebfbc1d1a880be75d58b7562ac,derived from monthly arrivals
2024,7,YTD Jul,2024-07-01,20604703,7,33.31176893001029,15456027,YTD same 7 months,,สถิตินักท่องเที่ยวชาวต่างชาติที่เดินทางเข้าประเทศไทย ม.ค. - ธ.ค. ปี 2568 (เบื้องต้น) (International Tourist Arrivals to Thailand Jan - Dec 2025P),2026-01-06T09:43:49.402Z,https://www.mots.go.th/news/category/806,https://www.mots.go.th/images/v2022_875a5789-3bcc-4700-bf55-b86fa7f1053c.xlsx,work\cache\source_files\2025_806_13676_สถ_ต_น_กท_องเท_ยวชาวต_างชาต_ท_เด_นทางเข_าประเทศไทย_ม.ค._-_ธ..xlsx,8dfeefbc510463770f246b420463f363183211ebfbc1d1a880be75d58b7562ac,derived from monthly arrivals
2024,8,YTD Aug,2024-08-01,23567851,8,31.487169570704054,17924069,YTD same 8 months,,สถิตินักท่องเที่ยวชาวต่างชาติที่เดินทางเข้าประเทศไทย ม.ค. - ธ.ค. ปี 2568 (เบื้องต้น) (International Tourist Arrivals to Thailand Jan - Dec 2025P),2026-01-06T09:43:49.402Z,https://www.mots.go.th/news/category/806,https://www.mots.go.th/images/v2022_875a5789-3bcc-4700-bf55-b86fa7f1053c.xlsx,work\cache\source_files\2025_806_13676_สถ_ต_น_กท_องเท_ยวชาวต_างชาต_ท_เด_นทางเข_าประเทศไทย_ม.ค._-_ธ..xlsx,8dfeefbc510463770f246b420463f363183211ebfbc1d1a880be75d58b7562ac,derived from monthly arrivals
2024,9,YTD Sep,2024-09-01,26088856,9,30.088715019672474,20054665,YTD same 9 months,,สถิตินักท่องเที่ยวชาวต่างชาติที่เดินทางเข้าประเทศไทย ม.ค. - ธ.ค. ปี 2568 (เบื้องต้น) (International Tourist Arrivals to Thailand Jan - Dec 2025P),2026-01-06T09:43:49.402Z,https://www.mots.go.th/news/category/806,https://www.mots.go.th/images/v2022_875a5789-3bcc-4700-bf55-b86fa7f1053c.xlsx,work\cache\source_files\2025_806_13676_สถ_ต_น_กท_องเท_ยวชาวต_างชาต_ท_เด_นทางเข_าประเทศไทย_ม.ค._-_ธ..xlsx,8dfeefbc510463770f246b420463f363183211ebfbc1d1a880be75d58b7562ac,derived from monthly arrivals
2024,10,YTD Oct,2024-10-01,28768036,10,29.28477047263214,22251682,YTD same 10 months,,สถิตินักท่องเที่ยวชาวต่างชาติที่เดินทางเข้าประเทศไทย ม.ค. - ธ.ค. ปี 2568 (เบื้องต้น) (International Tourist Arrivals to Thailand Jan - Dec 2025P),2026-01-06T09:43:49.402Z,https://www.mots.go.th/news/category/806,https://www.mots.go.th/images/v2022_875a5789-3bcc-4700-bf55-b86fa7f1053c.xlsx,work\cache\source_files\2025_806_13676_สถ_ต_น_กท_องเท_ยวชาวต_างชาต_ท_เด_นทางเข_าประเทศไทย_ม.ค._-_ธ..xlsx,8dfeefbc510463770f246b420463f363183211ebfbc1d1a880be75d58b7562ac,derived from monthly arrivals
2024,11,YTD Nov,2024-11-01,31918273,11,28.24373043268249,24888759,YTD same 11 months,,สถิตินักท่องเที่ยวชาวต่างชาติที่เดินทางเข้าประเทศไทย ม.ค. - ธ.ค. ปี 2568 (เบื้องต้น) (International Tourist Arrivals to Thailand Jan - Dec 2025P),2026-01-06T09:43:49.402Z,https://www.mots.go.th/news/category/806,https://www.mots.go.th/images/v2022_875a5789-3bcc-4700-bf55-b86fa7f1053c.xlsx,work\cache\source_files\2025_806_13676_สถ_ต_น_กท_องเท_ยวชาวต_างชาต_ท_เด_นทางเข_าประเทศไทย_ม.ค._-_ธ..xlsx,8dfeefbc510463770f246b420463f363183211ebfbc1d1a880be75d58b7562ac,derived from monthly arrivals
2024,12,YTD Dec,2024-12-01,35545714,12,26.27244687889343,28150016,YTD same 12 months,,สถิตินักท่องเที่ยวชาวต่างชาติที่เดินทางเข้าประเทศไทย ม.ค. - ธ.ค. ปี 2568 (เบื้องต้น) (International Tourist Arrivals to Thailand Jan - Dec 2025P),2026-01-06T09:43:49.402Z,https://www.mots.go.th/news/category/806,https://www.mots.go.th/images/v2022_875a5789-3bcc-4700-bf55-b86fa7f1053c.xlsx,work\cache\source_files\2025_806_13676_สถ_ต_น_กท_องเท_ยวชาวต_างชาต_ท_เด_นทางเข_าประเทศไทย_ม.ค._-_ธ..xlsx,8dfeefbc510463770f246b420463f363183211ebfbc1d1a880be75d58b7562ac,derived from monthly arrivals
2025,1,YTD Jan,2025-01-01,3709102,1,22.19902111688612,3035296,YTD same 1 months,,สถิตินักท่องเที่ยวชาวต่างชาติที่เดินทางเข้าประเทศไทย ม.ค. - ธ.ค. ปี 2568 (เบื้องต้น) (International Tourist Arrivals to Thailand Jan - Dec 2025P),2026-01-06T09:43:49.402Z,https://www.mots.go.th/news/category/806,https://www.mots.go.th/images/v2022_875a5789-3bcc-4700-bf55-b86fa7f1053c.xlsx,work\cache\source_files\2025_806_13676_สถ_ต_น_กท_องเท_ยวชาวต_างชาต_ท_เด_นทางเข_าประเทศไทย_ม.ค._-_ธ..xlsx,8dfeefbc510463770f246b420463f363183211ebfbc1d1a880be75d58b7562ac,derived from monthly arrivals
2025,2,YTD Feb,2025-02-01,6828547,2,6.903205242408816,6387598,YTD same 2 months,,สถิตินักท่องเที่ยวชาวต่างชาติที่เดินทางเข้าประเทศไทย ม.ค. - ธ.ค. ปี 2568 (เบื้องต้น) (International Tourist Arrivals to Thailand Jan - Dec 2025P),2026-01-06T09:43:49.402Z,https://www.mots.go.th/news/category/806,https://www.mots.go.th/images/v2022_875a5789-3bcc-4700-bf55-b86fa7f1053c.xlsx,work\cache\source_files\2025_806_13676_สถ_ต_น_กท_องเท_ยวชาวต_างชาต_ท_เด_นทางเข_าประเทศไทย_ม.ค._-_ธ..xlsx,8dfeefbc510463770f246b420463f363183211ebfbc1d1a880be75d58b7562ac,derived from monthly arrivals
2025,3,YTD Mar,2025-03-01,9549004,3,1.9069254739352948,9370319,YTD same 3 months,,สถิตินักท่องเที่ยวชาวต่างชาติที่เดินทางเข้าประเทศไทย ม.ค. - ธ.ค. ปี 2568 (เบื้องต้น) (International Tourist Arrivals to Thailand Jan - Dec 2025P),2026-01-06T09:43:49.402Z,https://www.mots.go.th/news/category/806,https://www.mots.go.th/images/v2022_875a5789-3bcc-4700-bf55-b86fa7f1053c.xlsx,work\cache\source_files\2025_806_13676_สถ_ต_น_กท_องเท_ยวชาวต_างชาต_ท_เด_นทางเข_าประเทศไทย_ม.ค._-_ธ..xlsx,8dfeefbc510463770f246b420463f363183211ebfbc1d1a880be75d58b7562ac,derived from monthly arrivals
2025,4,YTD Apr,2025-04-01,12096120,4,-0.2583148786385103,12127447,YTD same 4 months,,สถิตินักท่องเที่ยวชาวต่างชาติที่เดินทางเข้าประเทศไทย ม.ค. - ธ.ค. ปี 2568 (เบื้องต้น) (International Tourist Arrivals to Thailand Jan - Dec 2025P),2026-01-06T09:43:49.402Z,https://www.mots.go.th/news/category/806,https://www.mots.go.th/images/v2022_875a5789-3bcc-4700-bf55-b86fa7f1053c.xlsx,work\cache\source_files\2025_806_13676_สถ_ต_น_กท_องเท_ยวชาวต_างชาต_ท_เด_นทางเข_าประเทศไทย_ม.ค._-_ธ..xlsx,8dfeefbc510463770f246b420463f363183211ebfbc1d1a880be75d58b7562ac,derived from monthly arrivals
2025,5,YTD May,2025-05-01,14362694,5,-2.6977806451105923,14760911,YTD same 5 months,,สถิตินักท่องเที่ยวชาวต่างชาติที่เดินทางเข้าประเทศไทย ม.ค. - ธ.ค. ปี 2568 (เบื้องต้น) (International Tourist Arrivals to Thailand Jan - Dec 2025P),2026-01-06T09:43:49.402Z,https://www.mots.go.th/news/category/806,https://www.mots.go.th/images/v2022_875a5789-3bcc-4700-bf55-b86fa7f1053c.xlsx,work\cache\source_files\2025_806_13676_สถ_ต_น_กท_องเท_ยวชาวต_างชาต_ท_เด_นทางเข_าประเทศไทย_ม.ค._-_ธ..xlsx,8dfeefbc510463770f246b420463f363183211ebfbc1d1a880be75d58b7562ac,derived from monthly arrivals
2025,6,YTD Jun,2025-06-01,16685469,6,-4.661452534651311,17501283,YTD same 6 months,,สถิตินักท่องเที่ยวชาวต่างชาติที่เดินทางเข้าประเทศไทย ม.ค. - ธ.ค. ปี 2568 (เบื้องต้น) (International Tourist Arrivals to Thailand Jan - Dec 2025P),2026-01-06T09:43:49.402Z,https://www.mots.go.th/news/category/806,https://www.mots.go.th/images/v2022_875a5789-3bcc-4700-bf55-b86fa7f1053c.xlsx,work\cache\source_files\2025_806_13676_สถ_ต_น_กท_องเท_ยวชาวต_างชาต_ท_เด_นทางเข_าประเทศไทย_ม.ค._-_ธ..xlsx,8dfeefbc510463770f246b420463f363183211ebfbc1d1a880be75d58b7562ac,derived from monthly arrivals
2025,7,YTD Jul,2025-07-01,19295838,7,-6.352263364339683,20604703,YTD same 7 months,,สถิตินักท่องเที่ยวชาวต่างชาติที่เดินทางเข้าประเทศไทย ม.ค. - ธ.ค. ปี 2568 (เบื้องต้น) (International Tourist Arrivals to Thailand Jan - Dec 2025P),2026-01-06T09:43:49.402Z,https://www.mots.go.th/news/category/806,https://www.mots.go.th/images/v2022_875a5789-3bcc-4700-bf55-b86fa7f1053c.xlsx,work\cache\source_files\2025_806_13676_สถ_ต_น_กท_องเท_ยวชาวต_างชาต_ท_เด_นทางเข_าประเทศไทย_ม.ค._-_ธ..xlsx,8dfeefbc510463770f246b420463f363183211ebfbc1d1a880be75d58b7562ac,derived from monthly arrivals
2025,8,YTD Aug,2025-08-01,21879476,8,-7.16389033518584,23567851,YTD same 8 months,,สถิตินักท่องเที่ยวชาวต่างชาติที่เดินทางเข้าประเทศไทย ม.ค. - ธ.ค. ปี 2568 (เบื้องต้น) (International Tourist Arrivals to Thailand Jan - Dec 2025P),2026-01-06T09:43:49.402Z,https://www.mots.go.th/news/category/806,https://www.mots.go.th/images/v2022_875a5789-3bcc-4700-bf55-b86fa7f1053c.xlsx,work\cache\source_files\2025_806_13676_สถ_ต_น_กท_องเท_ยวชาวต_างชาต_ท_เด_นทางเข_าประเทศไทย_ม.ค._-_ธ..xlsx,8dfeefbc510463770f246b420463f363183211ebfbc1d1a880be75d58b7562ac,derived from monthly arrivals
2025,9,YTD Sep,2025-09-01,24115328,9,-7.564639860022993,26088856,YTD same 9 months,,สถิตินักท่องเที่ยวชาวต่างชาติที่เดินทางเข้าประเทศไทย ม.ค. - ธ.ค. ปี 2568 (เบื้องต้น) (International Tourist Arrivals to Thailand Jan - Dec 2025P),2026-01-06T09:43:49.402Z,https://www.mots.go.th/news/category/806,https://www.mots.go.th/images/v2022_875a5789-3bcc-4700-bf55-b86fa7f1053c.xlsx,work\cache\source_files\2025_806_13676_สถ_ต_น_กท_องเท_ยวชาวต_างชาต_ท_เด_นทางเข_าประเทศไทย_ม.ค._-_ธ..xlsx,8dfeefbc510463770f246b420463f363183211ebfbc1d1a880be75d58b7562ac,derived from monthly arrivals
2025,10,YTD Oct,2025-10-01,26689071,10,-7.226649048965317,28768036,YTD same 10 months,,สถิตินักท่องเที่ยวชาวต่างชาติที่เดินทางเข้าประเทศไทย ม.ค. - ธ.ค. ปี 2568 (เบื้องต้น) (International Tourist Arrivals to Thailand Jan - Dec 2025P),2026-01-06T09:43:49.402Z,https://www.mots.go.th/news/category/806,https://www.mots.go.th/images/v2022_875a5789-3bcc-4700-bf55-b86fa7f1053c.xlsx,work\cache\source_files\2025_806_13676_สถ_ต_น_กท_องเท_ยวชาวต_างชาต_ท_เด_นทางเข_าประเทศไทย_ม.ค._-_ธ..xlsx,8dfeefbc510463770f246b420463f363183211ebfbc1d1a880be75d58b7562ac,derived from monthly arrivals
2025,11,YTD Nov,2025-11-01,29603881,11,-7.250993811601269,31918273,YTD same 11 months,,สถิตินักท่องเที่ยวชาวต่างชาติที่เดินทางเข้าประเทศไทย ม.ค. - ธ.ค. ปี 2568 (เบื้องต้น) (International Tourist Arrivals to Thailand Jan - Dec 2025P),2026-01-06T09:43:49.402Z,https://www.mots.go.th/news/category/806,https://www.mots.go.th/images/v2022_875a5789-3bcc-4700-bf55-b86fa7f1053c.xlsx,work\cache\source_files\2025_806_13676_สถ_ต_น_กท_องเท_ยวชาวต_างชาต_ท_เด_นทางเข_าประเทศไทย_ม.ค._-_ธ..xlsx,8dfeefbc510463770f246b420463f363183211ebfbc1d1a880be75d58b7562ac,derived from monthly arrivals
2025,12,YTD Dec,2025-12-01,32974321,12,-7.234045150985013,35545714,YTD same 12 months,,สถิตินักท่องเที่ยวชาวต่างชาติที่เดินทางเข้าประเทศไทย ม.ค. - ธ.ค. ปี 2568 (เบื้องต้น) (International Tourist Arrivals to Thailand Jan - Dec 2025P),2026-01-06T09:43:49.402Z,https://www.mots.go.th/news/category/806,https://www.mots.go.th/images/v2022_875a5789-3bcc-4700-bf55-b86fa7f1053c.xlsx,work\cache\source_files\2025_806_13676_สถ_ต_น_กท_องเท_ยวชาวต_างชาต_ท_เด_นทางเข_าประเทศไทย_ม.ค._-_ธ..xlsx,8dfeefbc510463770f246b420463f363183211ebfbc1d1a880be75d58b7562ac,derived from monthly arrivals
2026,1,YTD Jan,2026-01-01,3277908,1,-11.625293669465009,3709102,YTD same 1 months,,สถิตินักท่องเที่ยวชาวต่างชาติที่เดินทางเข้าประเทศไทย มิ.ย. ปี 2569 (เบื้องต้น) (International Tourist Arrivals to Thailand May 2026P),2026-07-21T11:53:17.296Z,https://www.mots.go.th/news/category/817,https://www.mots.go.th/images/v2022_2e7667aa-bdba-40f0-88e0-e265ca9266be.xlsx,work\cache\source_files\2026_817_14260_สถ_ต_น_กท_องเท_ยวชาวต_างชาต_ท_เด_นทางเข_าประเทศไทย_ม_.ย._ป_2.xlsx,f8ed261e197a928b1f68f5377badbe8f20cb5610553e7d8dfe1514390852c37a,derived from monthly arrivals
2026,2,YTD Feb,2026-02-01,6541710,2,-4.200556868100936,6828547,YTD same 2 months,,สถิตินักท่องเที่ยวชาวต่างชาติที่เดินทางเข้าประเทศไทย มิ.ย. ปี 2569 (เบื้องต้น) (International Tourist Arrivals to Thailand May 2026P),2026-07-21T11:53:17.296Z,https://www.mots.go.th/news/category/817,https://www.mots.go.th/images/v2022_2e7667aa-bdba-40f0-88e0-e265ca9266be.xlsx,work\cache\source_files\2026_817_14260_สถ_ต_น_กท_องเท_ยวชาวต_างชาต_ท_เด_นทางเข_าประเทศไทย_ม_.ย._ป_2.xlsx,f8ed261e197a928b1f68f5377badbe8f20cb5610553e7d8dfe1514390852c37a,derived from monthly arrivals
2026,3,YTD Mar,2026-03-01,9316909,3,-2.4305676277861066,9549004,YTD same 3 months,,สถิตินักท่องเที่ยวชาวต่างชาติที่เดินทางเข้าประเทศไทย มิ.ย. ปี 2569 (เบื้องต้น) (International Tourist Arrivals to Thailand May 2026P),2026-07-21T11:53:17.296Z,https://www.mots.go.th/news/category/817,https://www.mots.go.th/images/v2022_2e7667aa-bdba-40f0-88e0-e265ca9266be.xlsx,work\cache\source_files\2026_817_14260_สถ_ต_น_กท_องเท_ยวชาวต_างชาต_ท_เด_นทางเข_าประเทศไทย_ม_.ย._ป_2.xlsx,f8ed261e197a928b1f68f5377badbe8f20cb5610553e7d8dfe1514390852c37a,derived from monthly arrivals
2026,4,YTD Apr,2026-04-01,11685804,4,-3.392129046338821,12096120,YTD same 4 months,,สถิตินักท่องเที่ยวชาวต่างชาติที่เดินทางเข้าประเทศไทย มิ.ย. ปี 2569 (เบื้องต้น) (International Tourist Arrivals to Thailand May 2026P),2026-07-21T11:53:17.296Z,https://www.mots.go.th/news/category/817,https://www.mots.go.th/images/v2022_2e7667aa-bdba-40f0-88e0-e265ca9266be.xlsx,work\cache\source_files\2026_817_14260_สถ_ต_น_กท_องเท_ยวชาวต_างชาต_ท_เด_นทางเข_าประเทศไทย_ม_.ย._ป_2.xlsx,f8ed261e197a928b1f68f5377badbe8f20cb5610553e7d8dfe1514390852c37a,derived from monthly arrivals
2026,5,YTD May,2026-05-01,14032649,5,-2.2979324073881924,14362694,YTD same 5 months,,สถิตินักท่องเที่ยวชาวต่างชาติที่เดินทางเข้าประเทศไทย มิ.ย. ปี 2569 (เบื้องต้น) (International Tourist Arrivals to Thailand May 2026P),2026-07-21T11:53:17.296Z,https://www.mots.go.th/news/category/817,https://www.mots.go.th/images/v2022_2e7667aa-bdba-40f0-88e0-e265ca9266be.xlsx,work\cache\source_files\2026_817_14260_สถ_ต_น_กท_องเท_ยวชาวต_างชาต_ท_เด_นทางเข_าประเทศไทย_ม_.ย._ป_2.xlsx,f8ed261e197a928b1f68f5377badbe8f20cb5610553e7d8dfe1514390852c37a,derived from monthly arrivals
2026,6,YTD Jun,2026-06-01,15874200,6,-3.238229548894922,16405446,MOTS same-coverage YTD comparison,Jun (-4): เนื่องจากระบบจัดเก็บข้อมูลสถิตินักท่องเที่ยวชาวต่างชาติขัดข้องในช่วงวันที่ 22 - 25 มิถุนายน 2569,สถิตินักท่องเที่ยวชาวต่างชาติที่เดินทางเข้าประเทศไทย มิ.ย. ปี 2569 (เบื้องต้น) (International Tourist Arrivals to Thailand May 2026P),2026-07-21T11:53:17.296Z,https://www.mots.go.th/news/category/817,https://www.mots.go.th/images/v2022_2e7667aa-bdba-40f0-88e0-e265ca9266be.xlsx,work\cache\source_files\2026_817_14260_สถ_ต_น_กท_องเท_ยวชาวต_างชาต_ท_เด_นทางเข_าประเทศไทย_ม_.ย._ป_2.xlsx,f8ed261e197a928b1f68f5377badbe8f20cb5610553e7d8dfe1514390852c37a,derived from monthly arrivals
